-- phpMyAdmin SQL Dump
-- version 4.8.4
-- https://www.phpmyadmin.net/
--
-- Host: 127.0.0.1:3306
-- Generation Time: Jun 12, 2020 at 04:02 AM
-- Server version: 5.7.24
-- PHP Version: 7.2.14

SET SQL_MODE = "NO_AUTO_VALUE_ON_ZERO";
SET AUTOCOMMIT = 0;
START TRANSACTION;
SET time_zone = "+00:00";


/*!40101 SET @OLD_CHARACTER_SET_CLIENT=@@CHARACTER_SET_CLIENT */;
/*!40101 SET @OLD_CHARACTER_SET_RESULTS=@@CHARACTER_SET_RESULTS */;
/*!40101 SET @OLD_COLLATION_CONNECTION=@@COLLATION_CONNECTION */;
/*!40101 SET NAMES utf8mb4 */;

--
-- Database: `shree`
--

-- --------------------------------------------------------

--
-- Table structure for table `branch_detail`
--

DROP TABLE IF EXISTS `branch_detail`;
CREATE TABLE IF NOT EXISTS `branch_detail` (
  `id` int(11) NOT NULL AUTO_INCREMENT,
  `name` varchar(60) NOT NULL,
  `sort_name` varchar(15) NOT NULL,
  `phone_no` bigint(10) NOT NULL,
  `email` varchar(50) NOT NULL,
  `remark` varchar(20) DEFAULT NULL,
  `address` text NOT NULL,
  `category` varchar(20) DEFAULT NULL,
  PRIMARY KEY (`id`)
) ENGINE=InnoDB AUTO_INCREMENT=18 DEFAULT CHARSET=latin1;

--
-- Dumping data for table `branch_detail`
--

INSERT INTO `branch_detail` (`id`, `name`, `sort_name`, `phone_no`, `email`, `remark`, `address`, `category`) VALUES
(9, 'PUSPANJALI SAREES PVT LTD  UNIT 1', 'PSPL 1', 5422370583, '', '', ' A-6 CHANDPUR INDUSTRIAL STATE                                                                                 ', ''),
(11, 'SHREE NIKETAN BANGALORE', 'SNB', 0, '', '', 'BALGALORE                                                    ', 'BRANCH OFFICE'),
(12, 'SHREE NIKETAN CREATION', 'SNC', 8953475183, 'artisinghh11@gmail.com', '12', 'KOLKATA WEST BANGAL                                                          ', 'BRANCH OFFICE'),
(16, 'PUSHPANJALI SAREES PVT. LTD.  UNIT 2', 'PSPL 2', 0, '', '', 'CHANDPUR INDUSTRIAL STATE', ''),
(17, 'SHRI NIKETAN SAREES PVT. LTD.(HO)', 'SNS(HO)', 5422451999, 'shreeniketansarees@gmail.com', '', 'B 20/1-J-1\r\nBHELUPUR\r\nVARANASI \r\nPHON N0- 05422451999, 05422452999', 'HEAD OFFICE');

-- --------------------------------------------------------

--
-- Table structure for table `cause_list`
--

DROP TABLE IF EXISTS `cause_list`;
CREATE TABLE IF NOT EXISTS `cause_list` (
  `id` int(11) NOT NULL AUTO_INCREMENT,
  `name` text NOT NULL,
  PRIMARY KEY (`id`)
) ENGINE=InnoDB AUTO_INCREMENT=6 DEFAULT CHARSET=utf8;

--
-- Dumping data for table `cause_list`
--

INSERT INTO `cause_list` (`id`, `name`) VALUES
(2, 'FABRIC NOT FOUND'),
(3, 'DESIGN NOT AVELABLE'),
(4, 'DYE DIFECT'),
(5, 'TIME OUT');

-- --------------------------------------------------------

--
-- Table structure for table `customer_detail`
--

DROP TABLE IF EXISTS `customer_detail`;
CREATE TABLE IF NOT EXISTS `customer_detail` (
  `id` int(11) NOT NULL AUTO_INCREMENT,
  `name` varchar(50) NOT NULL,
  `phone_no` bigint(10) NOT NULL,
  `email` varchar(50) NOT NULL,
  `under_branch` varchar(25) DEFAULT NULL,
  `address` varchar(120) NOT NULL,
  PRIMARY KEY (`id`)
) ENGINE=InnoDB AUTO_INCREMENT=23 DEFAULT CHARSET=latin1;

--
-- Dumping data for table `customer_detail`
--

INSERT INTO `customer_detail` (`id`, `name`, `phone_no`, `email`, `under_branch`, `address`) VALUES
(3, 'VANDANA NS', 0, '', 'SHRI NIKETAN SAREES PVT. ', 'mumbai neapensea road                                                                                                   '),
(4, 'VANDANA GK', 0, '', 'SHRI NIKETAN SAREES PVT. ', 'MUMBAI GHAT KOOPER                                                               '),
(6, 'VANDANA KHAR', 0, '', 'SHRI NIKETAN SAREES PVT. ', 'MUMBAI KHAR                                                         '),
(7, 'MILAN ', 0, '', 'SHRI NIKETAN SAREES PVT. ', 'MUMBAI NEAPENSEA ROAD                             '),
(9, 'RAI SON\'S', 0, '', 'SHRI NIKETAN SAREES PVT. ', 'DELHI                                                                           '),
(10, 'ANOROOP MATCHING CENTER', 0, '', 'SHRI NIKETAN SAREES PVT. ', 'AHEMDABAD'),
(11, 'MEENA BAZAAR', 0, '', 'SHRI NIKETAN SAREES PVT. ', 'DELHI'),
(12, 'VIJAY ASSOCIATES', 0, '', 'SHRI NIKETAN SAREES PVT. ', 'BANGLORE'),
(13, 'VIJAY LAKSHMI SILK & SAREE', 0, '', 'SHRI NIKETAN SAREES PVT. ', 'BANGLORE'),
(14, 'MYSORE SAREE UDHYOG', 0, '', 'SHRI NIKETAN SAREES PVT. ', 'BANGLORE'),
(15, 'NEELKAMAL ', 0, '', 'SHRI NIKETAN SAREES PVT. ', 'INDORE'),
(16, 'THE KASHI FABRIC', 0, '', 'SHRI NIKETAN SAREES PVT. ', 'INDORE'),
(17, 'X FASHION', 0, '', 'SHRI NIKETAN SAREES PVT. ', 'SURAT'),
(18, 'SONAL', 0, '', 'SHRI NIKETAN SAREES PVT. ', 'BANGLORE'),
(19, 'ANGADI', 0, '', 'SHRI NIKETAN SAREES PVT. ', 'BANGLORE'),
(20, 'SUMANGAL', 0, '', 'SHRI NIKETAN SAREES PVT. ', 'VARANASI'),
(21, 'HANDLOOM EMPORIUM', 0, '', 'SHRI NIKETAN SAREES PVT. ', 'MUMBAI'),
(22, 'HANDLOOM COTTAGE ', 0, '', 'SHRI NIKETAN SAREES PVT. ', 'KOLKATA');

-- --------------------------------------------------------

--
-- Table structure for table `data_category`
--

DROP TABLE IF EXISTS `data_category`;
CREATE TABLE IF NOT EXISTS `data_category` (
  `id` int(11) NOT NULL AUTO_INCREMENT,
  `dataCategory` varchar(15) NOT NULL,
  PRIMARY KEY (`id`)
) ENGINE=InnoDB AUTO_INCREMENT=5 DEFAULT CHARSET=latin1;

--
-- Dumping data for table `data_category`
--

INSERT INTO `data_category` (`id`, `dataCategory`) VALUES
(3, 'ORDER'),
(4, 'STOCK');

-- --------------------------------------------------------

--
-- Table structure for table `department`
--

DROP TABLE IF EXISTS `department`;
CREATE TABLE IF NOT EXISTS `department` (
  `id` int(11) NOT NULL AUTO_INCREMENT,
  `deptName` varchar(20) NOT NULL,
  `userId` varchar(10) NOT NULL,
  `email` varchar(20) NOT NULL,
  `phone_no` bigint(10) NOT NULL,
  PRIMARY KEY (`id`)
) ENGINE=InnoDB AUTO_INCREMENT=14 DEFAULT CHARSET=latin1;

--
-- Dumping data for table `department`
--

INSERT INTO `department` (`id`, `deptName`, `userId`, `email`, `phone_no`) VALUES
(6, 'PRODUCTION(EMB)', 'EMB', '', 0),
(7, 'FINISHING', 'FINISH', 'shreeniketanapparels', 0),
(8, 'PROCESSING', 'PROCESS', '', 0),
(9, 'DYEING', 'DYE', '', 0),
(10, 'THREAD CUTTING', 'TH-CUTTING', '', 0),
(11, 'CHECKING', 'CHECKING', '', 0),
(13, 'PLAIN GODOWN', 'Super', '', 0);

-- --------------------------------------------------------

--
-- Table structure for table `design`
--

DROP TABLE IF EXISTS `design`;
CREATE TABLE IF NOT EXISTS `design` (
  `id` int(11) NOT NULL AUTO_INCREMENT,
  `designName` varchar(20) DEFAULT NULL,
  `designSeries` varchar(50) DEFAULT NULL,
  `designCode` varchar(10) DEFAULT NULL,
  `rate` varchar(128) DEFAULT NULL,
  `stitch` text,
  `dye` varchar(20) DEFAULT NULL,
  `matching` varchar(225) DEFAULT NULL,
  `saleRate` int(5) DEFAULT NULL,
  `htCattingRate` int(10) DEFAULT NULL,
  `designPic` varchar(128) DEFAULT NULL,
  `fabricName` varchar(64) DEFAULT NULL,
  `barCode` varchar(20) DEFAULT NULL,
  `designOn` varchar(30) DEFAULT NULL,
  `details_status` int(11) DEFAULT '1',
  PRIMARY KEY (`id`)
) ENGINE=InnoDB AUTO_INCREMENT=407 DEFAULT CHARSET=latin1;

--
-- Dumping data for table `design`
--

INSERT INTO `design` (`id`, `designName`, `designSeries`, `designCode`, `rate`, `stitch`, `dye`, `matching`, `saleRate`, `htCattingRate`, `designPic`, `fabricName`, `barCode`, `designOn`, `details_status`) VALUES
(94, 'TH107', '1', NULL, NULL, '124748', '11', 'GOLD JARI', NULL, 10, NULL, '401/VELVET', 'D1', 'THAN', 1),
(95, 'TH107', '2', NULL, NULL, '124748', '6', 'GOLD JARI', NULL, 12, '7fb32d41-4bfc-4358-acf9-3abc7694401f.jpg', '401/VELVET', 'D2', 'THAN', 1),
(101, 'TH107', '3', NULL, NULL, '124748', '9', 'GOLD JARI', NULL, 12, NULL, '401/VELVET', 'D3', 'THAN', 1),
(102, 'TH107', '4', NULL, NULL, '124748', '16', 'GOLD JARI', NULL, 12, NULL, '401/VELVET', 'D4', 'THAN', 1),
(103, 'TH107', '5', NULL, NULL, '124748', '1', 'GOLD JARI', NULL, 12, NULL, '401/VELVET', 'D5', 'THAN', 1),
(104, 'TH107', '6', NULL, NULL, '124748', '12', 'GOLD JARI', NULL, 12, NULL, '401/VELVET', 'D6', 'THAN', 1),
(105, 'TH124A ', '1', NULL, NULL, '77577', '1', 'GOLD JARI', NULL, 6, NULL, '401/VELVET', 'D7', 'THAN', 1),
(106, 'TH211', '1', NULL, NULL, '58553', '1', 'GOLD JARI', NULL, 12, NULL, '401/VELVET', 'D8', 'THAN', 1),
(107, 'TH211', '2', NULL, NULL, '58553', '12', 'GOLD JARI', NULL, 12, NULL, '401/VELVET', 'D9', 'THAN', 1),
(108, 'TH211', '3', NULL, NULL, '58553', '8', 'GOLD JARI', NULL, 12, NULL, '401/VELVET', 'D10', 'THAN', 1),
(109, 'TH211', '4', NULL, NULL, '58553', '16', 'GOLD JARI', NULL, 12, NULL, '401/VELVET', 'D11', 'THAN', 1),
(110, 'TH211', '5', NULL, NULL, '58553', '14', 'GOLD JARI', NULL, 12, NULL, '401/VELVET', 'D12', 'THAN', 1),
(111, 'TH211', '6', NULL, NULL, '58553', '18', 'GOLD JARI', NULL, 12, NULL, '401/VELVET', 'D13', 'THAN', 1),
(112, 'TH222A', '1', NULL, NULL, '109934', '12', 'GOLD JARI', NULL, 6, NULL, '401/VELVET', 'D14', 'THAN', 1),
(113, 'TH222A', '2', NULL, NULL, '109934', '1', 'GOLD JARI', NULL, 6, NULL, '401/VELVET', 'D15', 'THAN', 1),
(114, 'TH224A', '1', NULL, NULL, '137963', '1', 'GOLD JARI', NULL, 6, NULL, '401/VELVET', 'D16', 'THAN', 1),
(115, 'TH224A', '2', NULL, NULL, '137963', '11', 'GOLD JARI', NULL, 6, NULL, '401/VELVET', 'D17', 'THAN', 1),
(116, 'TH224A', '3', NULL, NULL, '137963', '12', 'GOLD JARI', NULL, 6, NULL, '401/VELVET', 'D18', 'THAN', 1),
(117, 'TH224A', '4', NULL, NULL, '137963', '6', 'GOLD JARI', NULL, 6, NULL, '401/VELVET', 'D19', 'THAN', 1),
(118, 'TH226', '1', NULL, NULL, '117481', '19', 'GOLD JARI', NULL, 6, NULL, '401/VELVET', 'D20', 'THAN', 1),
(119, 'TH228', '1', NULL, NULL, '131425', '6', 'GOLD JARI', NULL, 6, NULL, '401/VELVET', 'D21', 'THAN', 1),
(120, 'TH228', '2', NULL, NULL, '131425', '11', 'GOLD JARI', NULL, 6, NULL, '401/VELVET', 'D22', 'THAN', 1),
(121, 'TH228', '3', NULL, NULL, '131425', '1', 'GOLD JARI', NULL, 6, NULL, '401/VELVET', 'D23', 'THAN', 1),
(122, 'TH230', '1', NULL, NULL, '117357', '16', 'GOLD JARI', NULL, 6, NULL, '401/VELVET', 'D24', 'THAN', 1),
(123, 'TH230', '2', NULL, NULL, '117357', '11', 'GOLD JARI', NULL, 6, NULL, '401/VELVET', 'D25', 'THAN', 1),
(124, 'TH230', '3', NULL, NULL, '117357', '19', 'GOLD JARI', NULL, 6, NULL, '401/VELVET', 'D26', 'THAN', 1),
(131, 'TH230', '4', NULL, NULL, '117357', '17', 'GOLD JARI', NULL, 6, NULL, '401/VELVET', 'D27', 'THAN', 1),
(132, 'TH230', '5', NULL, NULL, '117357', '12', 'GOLD JARI', NULL, 6, NULL, '401/VELVET', 'D28', 'THAN', 1),
(133, 'TH230', '6', NULL, NULL, '117357', '10', 'GOLD JARI', NULL, 6, NULL, '401/VELVET', 'D29', 'THAN', 1),
(134, 'TH232A', '1', NULL, NULL, '125647', '10', 'GOLD JARI', NULL, 6, NULL, '401/VELVET', 'D30', 'THAN', 1),
(135, 'TH232A', '2', NULL, NULL, '125647', '1', 'GOLD JARI', NULL, 6, NULL, '401/VELVET', 'D31', 'THAN', 1),
(136, 'TH232A', '3', NULL, NULL, '125647', '11', 'GOLD JARI', NULL, 6, NULL, '401/VELVET', 'D32', 'THAN', 1),
(137, 'TH234B', '1', NULL, NULL, '93438', '', 'GOLD JARI', NULL, 6, NULL, '401/VELVET', 'D33', 'THAN', 1),
(138, 'TH234B', '2', NULL, NULL, '93438', '', 'GOLD JARI', NULL, 6, NULL, '401/VELVET', 'D34', 'THAN', 1),
(139, 'TH234B', '3', NULL, NULL, '93438', '11', 'GOLD JARI', NULL, 6, NULL, '401/VELVET', 'D35', 'THAN', 1),
(140, 'TH234B', '4', NULL, NULL, '93438', '13', 'GOLD JARI', NULL, 6, NULL, '401/VELVET', 'D36', 'THAN', 1),
(141, 'TH234B', '5', NULL, NULL, '93438', '6', 'GOLD JARI', NULL, 6, NULL, '401/VELVET', 'D37', 'THAN', 1),
(142, 'TH234B', '6', NULL, NULL, '93438', '1', 'GOLD JARI', NULL, 6, NULL, '401/VELVET', 'D38', 'THAN', 1),
(143, 'TH240A', '1', NULL, NULL, '111871', '12', 'GOLD JARI', NULL, 6, NULL, '401/VELVET', 'D39', 'THAN', 1),
(144, 'TH240A', '2', NULL, NULL, '111871', '10', 'GOLD JARI', NULL, 6, NULL, '401/VELVET', 'D40', 'THAN', 1),
(145, 'TH240A', '3', NULL, NULL, '111871', '1', 'GOLD JARI', NULL, 6, NULL, '401/VELVET', 'D41', 'THAN', 1),
(146, 'TH240A', '4', NULL, NULL, '111871', '11', 'GOLD JARI', NULL, 6, NULL, '401/VELVET', 'D42', 'THAN', 1),
(147, 'TH261B', '1', NULL, NULL, '50000', '19', '158D,250,253,249', NULL, 6, NULL, '401/VELVET', 'D43', 'THAN', 1),
(148, 'TH261B', '2', NULL, NULL, '50000', '17', '88,66,36,70', NULL, 6, NULL, '401/VELVET', 'D44', 'THAN', 1),
(149, 'TH261B', '3', NULL, NULL, '50000', '18', '158D,250,253,249', NULL, 6, NULL, '401/VELVET', 'D45', 'THAN', 1),
(150, 'TH261B', '4', NULL, NULL, '163116', '12', '234,239,225,125', NULL, 6, NULL, '401/VELVET', 'D46', 'THAN', 1),
(151, 'TH261B', '5', NULL, NULL, '163116', '6', '204,120D,126,100D', NULL, 6, NULL, '401/VELVET', 'D47', 'THAN', 1),
(152, 'TH269', '1', NULL, NULL, '105408', '1', 'GOLD JARI', NULL, 6, NULL, '401/VELVET', 'D48', 'THAN', 1),
(153, 'TH269', '2', NULL, NULL, '105408', '7', 'GOLD JARI', NULL, 6, NULL, '401/VELVET', 'D49', 'THAN', 1),
(154, 'TH269', '3', NULL, NULL, '105408', '', 'GOLD JARI', NULL, 6, NULL, '401/VELVET', 'D50', 'THAN', 1),
(155, 'TH283A', '1', NULL, NULL, '120942', '6', '253D,70,36,712', NULL, 6, NULL, '401/VELVET', 'D51', 'THAN', 1),
(156, 'TH283A', '2', NULL, NULL, '120942', '12', '126,112,117,179', NULL, 6, NULL, '401/VELVET', 'D52', 'THAN', 1),
(157, 'TH283A', '3', NULL, NULL, '120942', '14', '', NULL, 6, NULL, '401/VELVET', 'D53', 'THAN', 1),
(158, 'TH283A', '4', NULL, NULL, '120942', '1', '168ND,234,169,173T', NULL, 6, NULL, '401/VELVET', 'D54', 'THAN', 1),
(159, 'TH283A', '5', NULL, NULL, '120942', '9', '253D,234,119,120D', NULL, 6, NULL, '401/VELVET', 'D55', 'THAN', 1),
(160, 'TH285A', '1', NULL, NULL, '89205', '12', 'GOLD JARI', NULL, 6, NULL, '401/VELVET', 'D56', 'THAN', 1),
(161, 'TH285A', '2', NULL, NULL, '89205', '', 'GOLD JARI', NULL, 6, NULL, '401/VELVET', 'D57', 'THAN', 1),
(162, 'TH285A', '3', NULL, NULL, '89205', '11', 'GOLD JARI', NULL, 6, NULL, '401/VELVET', 'D58', 'THAN', 1),
(163, 'TH285A', '4', NULL, NULL, '89205', '3', 'GOLD JARI', NULL, 6, NULL, '401/VELVET', 'D59', 'THAN', 1),
(164, 'TH285A', '5', NULL, NULL, '89205', '16', 'GOLD JARI', NULL, 6, NULL, '401/VELVET', 'D60', 'THAN', 1),
(165, 'TH285A', '6', NULL, NULL, '89205', '14', 'GOLD JARI', NULL, 6, NULL, '401/VELVET', 'D61', 'THAN', 1),
(166, 'TH285A', '7', NULL, NULL, '89205', '19', 'GOLD JARI', NULL, 6, NULL, '401/VELVET', 'D62', 'THAN', 1),
(167, 'TH285A', '8', NULL, NULL, '89205', '2', 'GOLD JARI', NULL, 6, NULL, '401/VELVET', 'D63', 'THAN', 1),
(168, 'TH285A', '9', NULL, NULL, '89205', '10', 'GOLD JARI', NULL, 6, NULL, '401/VELVET', 'D64', 'THAN', 1),
(169, 'TH285A', '10', NULL, NULL, '89205', '16', 'GOLD JARI', NULL, 6, NULL, '401/VELVET', 'D65', 'THAN', 1),
(170, 'TH289', '1', NULL, NULL, '146850', '12', '179,177,112,126', NULL, 12, NULL, '401/VELVET', 'D66', 'THAN', 1),
(171, 'TH289', '2', NULL, NULL, '146850', '6', '204,120D,126,100D', NULL, 12, NULL, '401/VELVET', 'D67', 'THAN', 1),
(172, 'TH289', '3', NULL, NULL, '146850', '6', '180D,120,158,172', NULL, 12, NULL, '401/VELVET', 'D68', 'THAN', 1),
(173, 'TH289', '4', NULL, NULL, '146850', '11', '204,120D,126,100D', NULL, 12, NULL, '401/VELVET', 'D69', 'THAN', 1),
(174, 'TH289', '5', NULL, NULL, '146850', '1', '168ND,234,169,173T', NULL, 12, NULL, '401/VELVET', 'D70', 'THAN', 1),
(175, 'TH289', '6', NULL, NULL, '146850', '11', '225D,180D,177,169', NULL, 12, NULL, '401/VELVET', 'D71', 'THAN', 1),
(176, 'TH289', '7', NULL, NULL, '146850', '12', '722,152,712,225D', NULL, 12, NULL, '401/VELVET', 'D72', 'THAN', 1),
(177, 'TH289', '8', NULL, NULL, '146850', '11', '213,156,194,239', NULL, 12, NULL, '401/VELVET', 'D73', 'THAN', 1),
(178, 'TH289', '9', NULL, NULL, '146850', '6', '', NULL, 12, NULL, '401/VELVET', 'D74', 'THAN', 1),
(179, 'TH289', '10', NULL, NULL, '146850', '6', '', NULL, 12, NULL, '401/VELVET', 'D75', 'THAN', 1),
(180, 'TH289', '11', NULL, NULL, '146850', '6', '', NULL, 12, NULL, '401/VELVET', 'D76', 'THAN', 1),
(181, 'TH289', '12', NULL, NULL, '146850', '12', '234,239,225,125', NULL, 12, NULL, '401/VELVET', 'D77', 'THAN', 1),
(182, 'TH289', '13', NULL, NULL, '146850', '6', '126,120D,100D,204', NULL, 12, NULL, '401/VELVET', 'D78', 'THAN', 1),
(183, 'TH289', '14', NULL, NULL, '50000', '12', '722,239,712,225D,70DD', NULL, 12, NULL, '401/VELVET', 'D79', 'THAN', 1),
(184, 'TH289', '15', NULL, NULL, '50000', '12', '119,156,702,394,70DD', NULL, 12, NULL, '401/VELVET', 'D80', 'THAN', 1),
(185, 'TH289', '16', NULL, NULL, '50000', '6', '204,120D,126,100D,27V', NULL, 12, NULL, '401/VELVET', 'D81', 'THAN', 1),
(186, 'TH289', '17', NULL, NULL, '146850', '11', '239,239,225,125', NULL, 12, NULL, '401/VELVET', 'D82', 'THAN', 1),
(187, 'TH303', '1', NULL, NULL, '47178', '14', 'GOLD JARI', NULL, 6, NULL, '401/VELVET', 'D83', 'THAN', 1),
(188, 'TH321', '1', NULL, NULL, '69431', '6', 'GOLD JARI', NULL, 6, NULL, '401/VELVET', 'D84', 'THAN', 1),
(189, 'TH321', '2', NULL, NULL, '69431', '3', 'GOLD JARI', NULL, 6, NULL, '401/VELVET', 'D85', 'THAN', 1),
(190, 'TH321', '3', NULL, NULL, '69431', '9', 'GOLD JARI', NULL, 6, NULL, '401/VELVET', 'D86', 'THAN', 1),
(191, 'TH321', '4', NULL, NULL, '69431', '3', 'GOLD JARI', NULL, 6, NULL, '401/VELVET', 'D87', 'THAN', 1),
(192, 'TH321', '5', NULL, NULL, '69431', '14', 'GOLD JARI', NULL, 6, NULL, '401/VELVET', 'D88', 'THAN', 1),
(193, 'TH321', '6', NULL, NULL, '69431', '11', 'GOLD JARI', NULL, 6, NULL, '401/VELVET', 'D89', 'THAN', 1),
(194, 'TH356A', '1', NULL, NULL, '80701', '11', 'GOLD JARI', NULL, 6, NULL, '401/VELVET', 'D90', 'THAN', 1),
(195, 'TH362', '1', NULL, NULL, '112293', '14', 'GOLD JARI', NULL, 6, NULL, '401/VELVET', 'D91', 'THAN', 1),
(196, 'TH362', '2', NULL, NULL, '112293', '2', 'GOLD JARI', NULL, 6, NULL, '401/VELVET', 'D92', 'THAN', 1),
(197, 'TH362', '3', NULL, NULL, '112293', '11', 'GOLD JARI', NULL, 6, NULL, '401/VELVET', 'D93', 'THAN', 1),
(198, 'TH362', '4', NULL, NULL, '112293', '9', 'GOLD JARI', NULL, 6, NULL, '401/VELVET', 'D94', 'THAN', 1),
(199, 'TH400A', '1', NULL, NULL, '47374', '11', 'GOLD JARI', NULL, 6, NULL, '401/VELVET', 'D95', 'THAN', 1),
(200, 'TH414B', '1', NULL, NULL, '78639', '17', 'GOLD JARI', NULL, 6, NULL, '401/VELVET', 'D96', 'THAN', 1),
(201, 'TH414A', '2', NULL, NULL, '63424', '13', '126,177,180D', NULL, 6, NULL, '401/VELVET', 'D97', 'THAN', 1),
(202, 'TH414', '3', NULL, NULL, '80891', '6', '100D,120D', NULL, 6, NULL, '401/VELVET', 'D98', 'THAN', 1),
(203, 'TH418A', '1', NULL, NULL, '67244', '12', 'GOLD JARI', NULL, 6, NULL, '401/VELVET', 'D99', 'THAN', 1),
(204, 'TH419', '1', NULL, NULL, '161558', '12', 'GOLD JARI', NULL, 6, NULL, '401/VELVET', 'D100', 'THAN', 1),
(205, 'TH419', '2', NULL, NULL, '161558', '6', 'GOLD JARI', NULL, 6, NULL, '401/VELVET', 'D101', 'THAN', 1),
(206, 'TH419', '3', NULL, NULL, '161558', '13', 'GOLD JARI', NULL, 6, NULL, '401/VELVET', 'D102', 'THAN', 1),
(207, 'TH419', '4', NULL, NULL, '161558', '16', 'GOLD JARI', NULL, 6, NULL, '401/VELVET', 'D103', 'THAN', 1),
(209, 'TH419', '5', NULL, NULL, '161558', '9', 'GOLD JARI', NULL, 6, NULL, '401/VELVET', 'D104', 'THAN', 1),
(210, 'TH436', '1', NULL, NULL, '64848', '1', 'GOLD JARI', NULL, 6, NULL, '401/VELVET', 'D105', 'THAN', 1),
(211, 'TH436', '2', NULL, NULL, '64848', '11', 'GOLD JARI', NULL, 6, NULL, '401/VELVET', 'D106', 'THAN', 1),
(212, 'TH436', '3', NULL, NULL, '64848', '12', 'GOLD JARI', NULL, 6, NULL, '401/VELVET', 'D107', 'THAN', 1),
(213, 'TH436', '4', NULL, NULL, '64848', '16', 'GOLD JARI', NULL, 6, NULL, '401/VELVET', 'D108', 'THAN', 1),
(214, 'TH448B', '1', NULL, NULL, '67152', '12', 'GOLD JARI', NULL, 6, NULL, '401/VELVET', 'D109', 'THAN', 1),
(215, 'TH448B', '2', NULL, NULL, '67152', '1', 'GOLD JARI', NULL, 6, NULL, '401/VELVET', 'D110', 'THAN', 1),
(216, 'TH454', '1', NULL, NULL, '49782', '19', '', NULL, 12, NULL, '401/VELVET', 'D111', 'THAN', 1),
(217, 'TH455A', '1', NULL, NULL, '51614', '12', 'GOLD JARI', NULL, 6, NULL, '401/VELVET', 'D112', 'THAN', 1),
(218, 'TH455A', '2', NULL, NULL, '51614', '16', 'GOLD JARI', NULL, 6, NULL, '401/VELVET', 'D113', 'THAN', 1),
(219, 'TH465', '1', NULL, NULL, '102456', '1', '', NULL, 12, NULL, '401/VELVET', 'D114', 'THAN', 1),
(220, 'TH465', '2', NULL, NULL, '102456', '9', '', NULL, 12, NULL, '401/VELVET', 'D115', 'THAN', 1),
(221, 'THS481', '1', NULL, NULL, '72394', '12', 'GOLD JARI,SEQUENCE', NULL, 6, NULL, '401/VELVET', 'D116', 'THAN', 1),
(222, 'THS481', '2', NULL, NULL, '72394', '8', 'GOLD JARI,SEQUENCE', NULL, 6, NULL, '401/VELVET', 'D117', 'THAN', 1),
(223, 'THS481', '3', NULL, NULL, '72394', '11', 'GOLD JARI,SEQUENCE', NULL, 6, NULL, '401/VELVET', 'D118', 'THAN', 1),
(224, 'THS481', '4', NULL, NULL, '72394', '1', 'GOLD JARI,SEQUENCE', NULL, 6, NULL, '401/VELVET', 'D119', 'THAN', 1),
(225, 'THS481', '5', NULL, NULL, '72394', '16', 'GOLD JARI,SEQUENCE', NULL, 6, NULL, '401/VELVET', 'D120', 'THAN', 1),
(226, 'THS495', '1', NULL, NULL, '49415', '8', 'GOLD JARI,SEQUENCE', NULL, 6, NULL, '401/VELVET', 'D121', 'THAN', 1),
(227, 'THS495', '2', NULL, NULL, '49415', '11', 'GOLD JARI,SEQUENCE', NULL, 6, NULL, '401/VELVET', 'D122', 'THAN', 1),
(228, 'THS495', '3', NULL, NULL, '49415', '4', 'GOLD JARI,SEQUENCE', NULL, 4, NULL, '401/VELVET', 'D123', 'THAN', 1),
(229, 'THS496', '1', NULL, NULL, '50567', '8', 'GOLD JARI,SEQUENCE', NULL, 6, NULL, '401/VELVET', 'D124', 'THAN', 1),
(230, 'TH497', '1', NULL, NULL, '89060', '13', 'GOLD JARI', NULL, 6, NULL, '401/VELVET', 'D125', 'THAN', 1),
(231, 'TH497', '2', NULL, NULL, '89060', '1', 'GOLD JARI', NULL, 6, NULL, '401/VELVET', 'D126', 'THAN', 1),
(232, 'TH536', '1', NULL, NULL, '44978', '11', 'GOLD JARI', NULL, 6, NULL, '401/VELVET', 'D127', 'THAN', 1),
(233, 'TH541A', '1', NULL, NULL, '85534', '1', 'SILVER JARI, GOLD JARI', NULL, 6, NULL, '401/VELVET', 'D128', 'THAN', 1),
(234, 'TH541A', '2', NULL, NULL, '85534', '16', 'SILVER JARI, GOLD JARI', NULL, 6, NULL, '401/VELVET', 'D129', 'THAN', 1),
(235, 'TH541A', '3', NULL, NULL, '85534', '12', 'GOLD JARI,GOLD JARI', NULL, 6, NULL, '401/VELVET', 'D130', 'THAN', 1),
(236, 'TH573A', '1', NULL, NULL, '24904', '11', 'GOLD JARI', NULL, 6, NULL, '401/VELVET', 'D131', 'THAN', 1),
(237, 'TH573B', '2', NULL, NULL, '41945', '10', 'GOLD JARI', NULL, 6, NULL, '401/VELVET', 'D132', 'THAN', 1),
(238, 'TH574C', '1', NULL, NULL, '45755', '14', 'GOLD JARI', NULL, 6, NULL, '401/VELVET', 'D133', 'THAN', 1),
(239, 'TH610', '1', NULL, NULL, '139682', '18', 'GOLD JARI', NULL, 6, NULL, '401/VELVET', 'D134', 'THAN', 1),
(240, 'TH618', '1', NULL, NULL, '74529', '1', 'GOLD JARI', NULL, 6, NULL, '401/VELVET', 'D135', 'THAN', 1),
(241, 'TH620A', '1', NULL, NULL, '61602', '11', 'GOLD JARI', NULL, 6, NULL, '401/VELVET', 'D136', 'THAN', 1),
(242, 'TH535B', '1', NULL, NULL, '143565', '11', 'GOLD JARI', NULL, 6, NULL, '401/VELVET', 'D137', 'THAN', 1),
(243, 'TH509', '1', NULL, NULL, '103119', '39', '175LL', NULL, 6, NULL, '121/06', 'D138', 'THAN', 1),
(244, 'TH509', '2', NULL, NULL, '103119', '18', 'SGS 4108LL', NULL, 6, NULL, '121/06', 'D139', 'THAN', 1),
(245, 'TH509', '3', NULL, NULL, '103119', '54', 'SGS 4108LL', NULL, 6, NULL, '121/06', 'D140', 'THAN', 1),
(246, 'TH509', '4', NULL, NULL, '103119', '23', '133 V', NULL, 6, NULL, '121/06', 'D141', 'THAN', 1),
(247, 'TH509', '5', NULL, NULL, '103119', '59', '132 V', NULL, 6, NULL, '121/06', 'D142', 'THAN', 1),
(248, 'TH509', '6', NULL, NULL, '103119', '01', '157LL T', NULL, 6, NULL, '121/06', 'D143', 'THAN', 1),
(249, 'TH512', '1', NULL, NULL, '119840', '39', '133 T', NULL, 6, NULL, '121/06', 'D144', 'THAN', 1),
(250, 'TH512', '2', NULL, NULL, '119840', '54', '133 T', NULL, 6, NULL, '121/06', 'D145', 'THAN', 1),
(251, 'TH512', '3', NULL, NULL, '119840', '59', '132 ', NULL, 6, NULL, '121/06', 'D146', 'THAN', 1),
(252, 'TH512', '4', NULL, NULL, '119840', '01', 'SGS 4108LL', NULL, 6, NULL, '121/06', 'D147', 'THAN', 1),
(253, 'TH512', '5', NULL, NULL, '119840', '02', '134', NULL, 6, NULL, '121/06', 'D148', 'THAN', 1),
(254, 'TH512', '6', NULL, NULL, '119840', '13', '109', NULL, 6, NULL, '121/06', 'D149', 'THAN', 1),
(255, 'TH459', '1', NULL, NULL, '144816', '34', '225', NULL, 6, NULL, '121/06', 'D150', 'THAN', 1),
(256, 'TH459', '2', NULL, NULL, '144816', '49', '350', NULL, 6, NULL, '121/06', 'D151', 'THAN', 1),
(257, 'TH459', '3', NULL, NULL, '144816', '07', '178 T', NULL, 6, NULL, '121/06', 'D152', 'THAN', 1),
(258, 'TH459', '4', NULL, NULL, '144816', '30', '703', NULL, 6, NULL, '121/06', 'D153', 'THAN', 1),
(259, 'TH508', '1', NULL, NULL, '143512', '39', '142', NULL, 6, NULL, '121/06', 'D154', 'THAN', 1),
(260, 'TH508', '2', NULL, NULL, '143512', '18', '423', NULL, 6, NULL, '121/06', 'D155', 'THAN', 1),
(261, 'TH508', '3', NULL, NULL, '143512', '02', '225 D', NULL, 6, NULL, '121/06', 'D156', 'THAN', 1),
(262, 'TH508', '4', NULL, NULL, '143512', '23', '253 ND', NULL, 6, NULL, '121/06', 'D157', 'THAN', 1),
(263, 'TH508', '5', NULL, NULL, '143512', '49', '720 T', NULL, 6, NULL, '121/06', 'D158', 'THAN', 1),
(264, 'TH508', '6', NULL, NULL, '143512', '49', '720 T', NULL, 6, NULL, '121/06', 'D159', 'THAN', 1),
(265, 'TH508', '7', NULL, NULL, '143512', '13', '120 D T', NULL, 6, NULL, '121/06', 'D160', 'THAN', 1),
(266, 'TH508', '8', NULL, NULL, '143512', '01', '191 V', NULL, 6, NULL, '121/06', 'D161', 'THAN', 1),
(267, 'TH508', '9', NULL, NULL, '143512', '13', '404 T', NULL, 6, NULL, '121/06', 'D162', 'THAN', 1),
(268, 'TH508', '10', NULL, NULL, '143512', '07', '225 D', NULL, 6, NULL, '121/06', 'D163', 'THAN', 1),
(269, 'TH508', '11', NULL, NULL, '143512', '2', '133', NULL, 6, NULL, '121/06', 'D164', 'THAN', 1),
(270, 'TH508', '12', NULL, NULL, '143512', '23', '719', NULL, 6, NULL, '121/06', 'D165', 'THAN', 1),
(271, 'TH508', '13', NULL, NULL, '143512', '39', '175 LL', NULL, 6, NULL, '121/06', 'D166', 'THAN', 1),
(272, 'TH508', '14', NULL, NULL, '143512', '55', '133', NULL, 6, NULL, '121/06', 'D167', 'THAN', 1),
(273, 'TH508', '15', NULL, NULL, '143512', '30', '719', NULL, 6, NULL, '121/06', 'D168', 'THAN', 1),
(274, 'TH508', '16', NULL, NULL, '143512', '29', '241', NULL, 6, NULL, '121/06', 'D169', 'THAN', 1),
(275, 'TH508', '17', NULL, NULL, '143512', '40', '100 D', NULL, 6, NULL, '121/06', 'D170', 'THAN', 1),
(276, 'TH536B', '1', NULL, NULL, '143652', '24', '238,225,116,19', NULL, 12, NULL, '121/06', 'D171', 'THAN', 1),
(277, 'TH536B', '2', NULL, NULL, '143652', '39', '159,155,129T,119', NULL, 12, NULL, '121/06', 'D172', 'THAN', 1),
(278, 'TH536B', '3', NULL, NULL, '143652', '55', '240,273 L, 116, 129 T', NULL, 12, NULL, '121/06', 'D173', 'THAN', 1),
(279, 'TH536B', '4', NULL, NULL, '143652', '02', '252 D , 703, 710, 119', NULL, 12, NULL, '121/06', 'D174', 'THAN', 1),
(280, 'TH592', '1', NULL, NULL, '74043', '26', '157L , 253 D', NULL, 6, NULL, '121/06', 'D175', 'THAN', 1),
(281, 'TH592', '2', NULL, NULL, '74043', '63', '292 , 98', NULL, 6, NULL, '121/06', 'D176', 'THAN', 1),
(282, 'TH592', '3', NULL, NULL, '74043', '28', '34 , 26 V', NULL, 6, NULL, '121/06', 'D177', 'THAN', 1),
(283, 'TH592', '4', NULL, NULL, '74043', '34', 'BLACK , 253 D', NULL, 6, NULL, '121/06', 'D178', 'THAN', 1),
(284, 'TH592', '5', NULL, NULL, '74043', '39', '165 D , 225', NULL, 6, NULL, '121/06', 'D179', 'THAN', 1),
(285, 'TH592', '6', NULL, NULL, '74043', '31', '15 , 252', NULL, 6, NULL, '121/06', 'D180', 'THAN', 1),
(286, 'TH592', '7', NULL, NULL, '74043', '12', '202 D , 252', NULL, 6, NULL, '121/06', 'D181', 'THAN', 1),
(287, 'TH592', '8', NULL, NULL, '74043', '49', '70, 394', NULL, 6, NULL, '121/06', 'D182', 'THAN', 1),
(288, 'TH592', '9', NULL, NULL, '74043', '40', '404 , 714', NULL, 6, NULL, '121/06', 'D183', 'THAN', 1),
(289, 'TH592', '10', NULL, NULL, '74043', '42', '165 D , 252 T', NULL, 6, NULL, '121/06', 'D184', 'THAN', 1),
(290, 'TH592', '11', NULL, NULL, '74043', '11', '98, 134', NULL, 6, NULL, '121/06', 'D185', 'THAN', 1),
(291, 'TH599', '1', NULL, NULL, '100923', '34', 'BLACK , 252 D', NULL, 6, NULL, '121/06', 'D186', 'THAN', 1),
(292, 'TH599', '2', NULL, NULL, '100923', '42', '165 D , 273', NULL, 6, NULL, '121/06', 'D187', 'THAN', 1),
(293, 'TH599', '3', NULL, NULL, '100923', '12', '202 D , 136', NULL, 6, NULL, '121/06', 'D188', 'THAN', 1),
(294, 'TH599', '4', NULL, NULL, '100923', '43', '199, 703', NULL, 6, NULL, '121/06', 'D189', 'THAN', 1),
(295, 'TH599', '5', NULL, NULL, '100923', '28', '34, 70 D', NULL, 6, NULL, '121/06', 'D190', 'THAN', 1),
(296, 'TH599', '6', NULL, NULL, '100923', '26', '157 L , 253 D', NULL, 6, NULL, '121/06', 'D191', 'THAN', 1),
(297, 'TH599', '7', NULL, NULL, '100923', '11', '98, 133 L', NULL, 0, NULL, '121/06', 'D192', 'THAN', 1),
(298, 'TH599', '8', NULL, NULL, '100923', '62', '19, 253', NULL, 6, NULL, '121/06', 'D193', 'THAN', 1),
(299, 'TH599', '9', NULL, NULL, '100923', '25', '132 L , 98', NULL, 6, NULL, '121/06', 'D194', 'THAN', 1),
(300, 'TH599', '10', NULL, NULL, '100923', '49', '70, 253 ND', NULL, 6, NULL, '121/06', 'D195', 'THAN', 1),
(301, 'TH599', '11', NULL, NULL, '100923', '40', '404 , 714', NULL, 6, NULL, '121/06', 'D196', 'THAN', 1),
(302, 'TH599', '12', NULL, NULL, '100923', '57', '102 , 94 T', NULL, 6, NULL, '121/06', 'D197', 'THAN', 1),
(303, 'TH607', '1', NULL, NULL, '112827', '11', '134', NULL, 0, NULL, '121/06', 'D198', 'THAN', 1),
(304, 'TH607', '2', NULL, NULL, '112827', '39', '225', NULL, 6, NULL, '121/06', 'D199', 'THAN', 1),
(305, 'TH607', '3', NULL, NULL, '112827', '25', '98', NULL, 6, NULL, '121/06', 'D200', 'THAN', 1),
(306, 'TH607', '4', NULL, NULL, '112827', '62', '246', NULL, 6, NULL, '121/06', 'D201', 'THAN', 1),
(307, 'TH607', '5', NULL, NULL, '112827', '43', '703', NULL, 6, NULL, '121/06', 'D202', 'THAN', 1),
(308, 'TH607', '6', NULL, NULL, '112827', '28', '252', NULL, 6, NULL, '121/06', 'D203', 'THAN', 1),
(309, 'TH607', '7', NULL, NULL, '112827', '40', '240', NULL, 6, NULL, '121/06', 'D204', 'THAN', 1),
(310, 'TH607', '8', NULL, NULL, '112827', '49', '65', NULL, 6, NULL, '121/06', 'D205', 'THAN', 1),
(311, 'TH607', '9', NULL, NULL, '112827', '63', '98', NULL, 6, NULL, '121/06', 'D206', 'THAN', 1),
(312, 'TH607', '10', NULL, NULL, '112827', '57', '93 SND', NULL, 6, NULL, '121/06', 'D207', 'THAN', 1),
(313, 'TH607', '11', NULL, NULL, '112827', '31', '252 D', NULL, 6, NULL, '121/06', 'D208', 'THAN', 1),
(314, 'TH610', '1', NULL, NULL, '', '62', '253', NULL, 6, NULL, '121/06', 'D209', 'THAN', 1),
(315, 'TH610', '2', NULL, NULL, '', '63', '133 L', NULL, 6, NULL, '121/06', 'D210', 'THAN', 1),
(316, 'TH610', '3', NULL, NULL, '', '25', '193', NULL, 6, NULL, '121/06', 'D211', 'THAN', 1),
(317, 'TH610', '4', NULL, NULL, '', '43', '253', NULL, 6, NULL, '121/06', 'D212', 'THAN', 1),
(318, 'TH610', '5', NULL, NULL, '', '42', '170 L ', NULL, 6, NULL, '121/06', 'D213', 'THAN', 1),
(319, 'TH610', '6', NULL, NULL, '', '34', '710', NULL, 6, NULL, '121/06', 'D214', 'THAN', 1),
(320, 'TH610', '7', NULL, NULL, '', '7', '128', NULL, 6, NULL, '121/06', 'D215', 'THAN', 1),
(321, 'TH610', '8', NULL, NULL, '', '31', '273 L ', NULL, 6, NULL, '121/06', 'D216', 'THAN', 1),
(322, 'TH610', '9', NULL, NULL, '', '57', '132 L', NULL, 6, NULL, '121/06', 'D217', 'THAN', 1),
(323, 'TH300A', '1', NULL, NULL, '53452', 'NATURAL', 'SGS 4155N', NULL, 6, NULL, '131/07', 'D218', 'THAN', 1),
(324, 'TH300A', '2', NULL, NULL, '53452', 'NATURAL', '713', NULL, 6, NULL, '131/07', 'D219', 'THAN', 1),
(325, 'TH300A', '3', NULL, NULL, '53452', 'NATURAL', '113', NULL, 6, NULL, '131/07', 'D220', 'THAN', 1),
(326, 'TH300A', '4', NULL, NULL, '53452', 'NATURAL', '26', NULL, 6, NULL, '131/07', 'D221', 'THAN', 1),
(327, 'TH361A', '1', NULL, NULL, '74791', 'NATURAL', 'SGS 4155N', NULL, 6, NULL, '131/07', 'D222', 'THAN', 1),
(328, 'TH361A', '2', NULL, NULL, '74791', 'NATURAL', '26', NULL, 6, NULL, '131/07', 'D223', 'THAN', 1),
(329, 'TH361A', '3', NULL, NULL, '74791', 'NATURAL', 'BLACK', NULL, 6, NULL, '131/07', 'D224', 'THAN', 1),
(330, 'TH361A', '4', NULL, NULL, '74791', 'NATURAL', '713', NULL, 6, NULL, '131/07', 'D225', 'THAN', 1),
(331, 'TH361A', '5', NULL, NULL, '74791', 'NATURAL', '113', NULL, 6, NULL, '131/07', 'D226', 'THAN', 1),
(332, 'TH469C', '1', NULL, NULL, '623596', 'NATURAL', '113', NULL, 6, NULL, '131/07', 'D227', 'THAN', 1),
(333, 'TH472', '1', NULL, NULL, '79422', 'NATURAL', '113', NULL, 6, NULL, '131/07', 'D228', 'THAN', 1),
(334, 'TH472', '2', NULL, NULL, '79422', 'NATURAL', '26', NULL, 6, NULL, '131/07', 'D229', 'THAN', 1),
(335, 'TH472', '3', NULL, NULL, '79422', 'NATURAL', 'BLACK', NULL, 6, NULL, '131/07', 'D230', 'THAN', 1),
(336, 'TH472', '4', NULL, NULL, '79422', 'NATURAL', 'SGS 4155N', NULL, 6, NULL, '131/07', 'D231', 'THAN', 1),
(337, 'TH482A', '1', NULL, NULL, '59603', 'NATURAL', 'BLACK , GOLD JARI', NULL, 6, NULL, '131/07', 'D232', 'THAN', 1),
(338, 'TH499A', '1', NULL, NULL, '42988', 'NATURAL', '113', NULL, 6, NULL, '131/07', 'D233', 'THAN', 1),
(339, 'TH499A', '2', NULL, NULL, '42988', 'NATURAL', 'BLACK', NULL, 6, NULL, '131/07', 'D234', 'THAN', 1),
(340, 'TH499A', '3', NULL, NULL, '42988', 'NATURAL', 'SGS 4155N', NULL, 6, NULL, '131/07', 'D235', 'THAN', 1),
(341, 'TH518A', '1', NULL, NULL, '79422', 'NATURAL', 'BLACK', NULL, 6, NULL, '131/07', 'D236', 'THAN', 1),
(342, 'TH518A', '2', NULL, NULL, '79422', 'NATURAL', 'SGS 4155N', NULL, 6, NULL, '131/07', 'D237', 'THAN', 1),
(343, 'TH534A', '1', NULL, NULL, '49200', 'NATURAL', '90', NULL, 6, NULL, '131/07', 'D238', 'THAN', 1),
(344, 'TH534A', '2', NULL, NULL, '49200', 'NATURAL', 'BLACK', NULL, 6, NULL, '131/07', 'D239', 'THAN', 1),
(345, 'TH535', '1', NULL, NULL, '141519', 'NATURAL', '26', NULL, 6, NULL, '131/07', 'D240', 'THAN', 1),
(346, 'TH535', '2', NULL, NULL, '141519', 'NATURAL', 'BLACK', NULL, 6, NULL, '131/07', 'D241', 'THAN', 1),
(347, 'TH535', '3', NULL, NULL, '141519', 'NATURAL', '90', NULL, 6, NULL, '131/07', 'D242', 'THAN', 1),
(348, 'TH535', '4', NULL, NULL, '141519', 'NATURAL', 'SGS 4155N', NULL, 6, NULL, '131/07', 'D243', 'THAN', 1),
(349, 'TH535', '5', NULL, NULL, '141519', 'NATURAL', '113', NULL, 6, NULL, '131/07', 'D244', 'THAN', 1),
(350, 'TH536', '1', NULL, NULL, '44978', 'NATURAL', '90', NULL, 6, NULL, '131/07', 'D245', 'THAN', 1),
(351, 'TH536', '2', NULL, NULL, '44978', 'NATURAL', '113', NULL, 6, NULL, '131/07', 'D246', 'THAN', 1),
(352, 'TH536', '3', NULL, NULL, '44978', 'NATURAL', 'SGS 4155N', NULL, 6, NULL, '131/07', 'D247', 'THAN', 1),
(353, 'TH536A', '1', NULL, NULL, '82343', 'NATURAL', '171 , 172 , 213 , 193', NULL, 12, NULL, '131/07', 'D248', 'THAN', 1),
(354, 'TH536A', '2', NULL, NULL, '82343', 'NATURAL', '113 , BLACK , 242 T , 194 T', NULL, 12, NULL, '131/07', 'D249', 'THAN', 1),
(355, 'TH536A', '3', NULL, NULL, '82343', 'NATURAL', '66 , 90 , 194X-V , 180', NULL, 12, NULL, '131/07', 'D250', 'THAN', 1),
(356, 'TH500', '1', NULL, NULL, '89070', 'W', 'SGS 43001', NULL, 6, NULL, '101/02', 'D251', '', 1),
(357, 'TH501', '1', NULL, NULL, '97522', 'NATURAL', 'SGS 43001', NULL, 6, NULL, '101/02', 'D252', 'THAN', 1),
(358, 'TH503A', '1', NULL, NULL, '49210', 'NATURAL', 'SGS 43001', NULL, 6, NULL, '101/02', 'D253', '', 1),
(359, 'TH503A', '2', NULL, NULL, '49210', 'AL', 'SGS 4155N', NULL, 6, NULL, '101/02', 'D254', '', 1),
(360, 'TH503', '3', NULL, NULL, '50013', 'AY', 'SGS 4155N', NULL, 6, NULL, '101/02', 'D255', '', 1),
(361, 'TH503', '4', NULL, NULL, '50013', 'W', '719 , SILVER JARI', NULL, 6, NULL, '101/02', 'D256', '', 1),
(362, 'TH503', '5', NULL, NULL, '50013', 'AT', 'SGS 4155N , SILVER JARI', NULL, 6, NULL, '101/02', 'D257', 'THAN', 1),
(363, 'TH503', '6', NULL, NULL, '50013', 'AX', 'SGS 4155N , SILVER JARI', NULL, 6, NULL, '101/02', 'D258', '', 1),
(364, 'TH503C', '7', NULL, NULL, '54502', 'W', 'BLACK , GOLD JARI', NULL, 6, NULL, '101/02', 'D259', '', 1),
(365, 'TH504', '1', NULL, NULL, '58364', 'AN', '726 , 719, 157, GOLD JARI', NULL, 6, NULL, '101/02', 'D260', '', 1),
(366, 'TH504', '2', NULL, NULL, '58364', 'AT', '394 , 120 D, 720, GOLD JARI', NULL, 6, NULL, '101/02', 'D261', '', 1),
(367, 'TH504', '3', NULL, NULL, '58364', 'BT', '236 , 179 , 155 , GOLD JARI`', NULL, 6, NULL, '101/02', 'D262', '', 1),
(368, 'TH505', '1', NULL, NULL, '78904', 'AK', '709 , 178', NULL, 6, NULL, '101/02', 'D263', '', 1),
(369, 'TH509', '1', NULL, NULL, '103119', 'W', '719 , SILVER JARI', NULL, 6, NULL, '101/02', 'D264', '', 1),
(370, 'TH509', '2', NULL, NULL, '103119', 'W', '273 , SILVER JARI', NULL, 6, NULL, '101/02', 'D265', '', 1),
(371, 'TH509', '3', NULL, NULL, '103119', 'W', '239 , SILVER JARI', NULL, 6, NULL, '101/02', 'D266', 'THAN', 1),
(372, 'TH509', '4', NULL, NULL, '103119', 'W', '253 ND , SILVER JARI', NULL, 6, NULL, '101/02', 'D267', 'THAN', 1),
(373, 'TH510', '1', NULL, NULL, '87122', 'W', '719 , SILVER JARI', NULL, 6, NULL, '101/02', 'D268', 'THAN', 1),
(374, 'TH510', '2', NULL, NULL, '87122', 'W', '142 , SILVER JARI', NULL, 6, NULL, '101/02', 'D269', 'THAN', 1),
(375, 'TH510', '3', NULL, NULL, '87122', 'NATURAL', '273 , SILVER JARI', NULL, 6, NULL, '101/02', 'D270', 'THAN', 1),
(376, 'TH511', '1', NULL, NULL, '92886', 'NATURAL', 'SGS 43001 , SILVER JARI', NULL, 6, NULL, '101/02', 'D271', 'THAN', 1),
(377, 'TH511', '2', NULL, NULL, '92886', 'NATURAL', '273 , SILVER JARI', NULL, 6, NULL, '101/02', 'D272', 'THAN', 1),
(378, 'TH511', '3', NULL, NULL, '92886', 'W', '719 , SILVER JARI', NULL, 6, NULL, '101/02', 'D273', 'THAN', 1),
(379, 'TH515', '1', NULL, NULL, '84609', 'W', 'SGS 43001', NULL, 6, NULL, '101/02', 'D274', 'THAN', 1),
(380, 'TH517A', '1', NULL, NULL, '39676', 'W', 'SGS 4155N', NULL, 6, NULL, '101/02', 'D275', 'THAN', 1),
(381, 'TH518', '1', NULL, NULL, '85547', 'AX', '181 , 229,  237 , GOLD JARI', NULL, 6, NULL, '101/02', 'D276', 'THAN', 1),
(382, 'TH518A', '2', NULL, NULL, '79422', 'W', 'SGS 4155N', NULL, 6, NULL, '101/02', 'D277', 'THAN', 1),
(383, 'TH519', '1', NULL, NULL, '51461', 'AQ', '180,175,252 D,157 L,126', NULL, 6, NULL, '101/02', 'D278', 'THAN', 1),
(384, 'TH519', '2', NULL, NULL, '51461', 'BN', '127 V,712,291,132 L, 60', NULL, 6, NULL, '101/02', 'D279', 'THAN', 1),
(385, 'TH519', '3', NULL, NULL, '51461', 'AS', '714,152,175 L,234 L,171', NULL, 6, NULL, '101/02', 'D280', 'THAN', 1),
(386, 'TH519', '4', NULL, NULL, '51461', 'M', '239,234 L, 273,133,719', NULL, 6, NULL, '101/02', 'D281', 'THAN', 1),
(387, 'TH519', '5', NULL, NULL, '51461', 'AV', '239,134,143,178,242LND', NULL, 6, NULL, '101/02', 'D282', 'THAN', 1),
(388, 'TH519', '6', NULL, NULL, '51461', 'BE', '34,64,714,273 L,394', NULL, 6, NULL, '101/02', 'D283', 'THAN', 1),
(389, 'TH519', '7', NULL, NULL, '51461', 'X', '88,65,273,32,35', NULL, 6, NULL, '101/02', 'D284', 'THAN', 1),
(390, 'TH519', '8', NULL, NULL, '51461', 'BM', '171,705,714,165 D,404', NULL, 6, NULL, '101/02', 'D285', 'THAN', 1),
(391, 'TH521', '1', NULL, NULL, '43856', 'AT', 'SILVER JARI,SGS43001', NULL, 6, NULL, '101/02', 'D286', 'THAN', 1),
(392, 'TH521', '2', NULL, NULL, '43856', 'W', 'SILVER JARI,171', NULL, 6, NULL, '101/02', 'D287', 'THAN', 1),
(393, 'TH521', '3', NULL, NULL, '43856', 'F43-80', 'SGS 4108LL,SGS4108LL', NULL, 6, NULL, '101/02', 'D288', 'THAN', 1),
(394, 'TH521', '4', NULL, NULL, '43856', 'F43-6', 'SGS 4108LL,SGS4108LL', NULL, 6, NULL, '101/02', 'D289', 'THAN', 1),
(395, 'TH521', '5', NULL, NULL, '43856', '', 'SGS 4108LL,SGS4108LL', NULL, 6, NULL, '101/02', 'D290', 'THAN', 1),
(396, 'TH524', '1', NULL, NULL, '82255', 'AZ', '252 D', NULL, 6, NULL, '101/02', 'D291', 'THAN', 1),
(397, 'TH524', '2', NULL, NULL, '82255', 'BS', '119', NULL, 6, NULL, '101/02', 'D292', 'THAN', 1),
(398, 'TH524', '3', NULL, NULL, '82255', 'NATURAL', 'GOLD JARI', NULL, 6, NULL, '101/02', 'D293', 'THAN', 1),
(399, 'TH525', '1', NULL, NULL, '102240', 'AM', '128 T', NULL, 6, NULL, '101/02', 'D294', 'THAN', 1),
(400, 'TH525', '2', NULL, NULL, '102240', 'BO', '273 ', NULL, 6, NULL, '101/02', 'D295', 'THAN', 1),
(401, 'TH525', '3', NULL, NULL, '102240', 'AQ', '273 D', NULL, 6, NULL, '101/02', 'D296', 'THAN', 1),
(402, 'THS526', '1', NULL, NULL, '38000', 'AC', 'GOLD JARI, SEQUINCE', NULL, 6, NULL, '101/02', 'D297', 'THAN', 1),
(403, 'THS526', '2', NULL, NULL, '38000', 'BE', 'GOLD JARI, SEQUINCE', NULL, 6, NULL, '101/02', 'D298', 'THAN', 1),
(404, 'THS526', '3', NULL, NULL, '38000', 'AR', 'GOLD JARI, SEQUINCE', NULL, 6, NULL, '101/02', 'D299', 'THAN', 1),
(405, 'THS526', '4', NULL, NULL, '38000', 'BQ', 'GOLD JARI, SEQUINCE', NULL, 6, NULL, '101/02', 'D300', 'THAN', 1),
(406, 'THS526', '5', NULL, NULL, '38000', 'BG', 'GOLD JARI, SEQUINCE', NULL, 6, NULL, '101/02', 'D301', 'THAN', 1);

-- --------------------------------------------------------

--
-- Stand-in structure for view `design_view`
-- (See below for the actual view)
--
DROP VIEW IF EXISTS `design_view`;
CREATE TABLE IF NOT EXISTS `design_view` (
`id` int(11)
,`designName` varchar(20)
,`designSeries` varchar(50)
,`desCode` varchar(255)
,`rate` varchar(62)
,`stitch` text
,`dye` varchar(20)
,`matching` varchar(225)
,`sale_rate` double
,`htCattingRate` int(10)
,`designPic` varchar(128)
,`fabricName` varchar(64)
,`barCode` varchar(20)
,`designOn` varchar(30)
);

-- --------------------------------------------------------

--
-- Table structure for table `dye_transaction`
--

DROP TABLE IF EXISTS `dye_transaction`;
CREATE TABLE IF NOT EXISTS `dye_transaction` (
  `dye_transaction_id` int(6) NOT NULL AUTO_INCREMENT,
  `from_godown` varchar(100) NOT NULL,
  `to_godown` varchar(100) NOT NULL,
  `fromParty` varchar(64) NOT NULL,
  `toParty` varchar(64) NOT NULL,
  `jobworkType` varchar(100) NOT NULL,
  `transaction_type` enum('issue','receive') NOT NULL,
  `created_at` datetime NOT NULL DEFAULT CURRENT_TIMESTAMP,
  `created_by` varchar(64) NOT NULL,
  `deleted` int(11) NOT NULL DEFAULT '0',
  `challan_no` int(6) NOT NULL,
  PRIMARY KEY (`dye_transaction_id`)
) ENGINE=InnoDB AUTO_INCREMENT=4 DEFAULT CHARSET=utf8;

--
-- Dumping data for table `dye_transaction`
--

INSERT INTO `dye_transaction` (`dye_transaction_id`, `from_godown`, `to_godown`, `fromParty`, `toParty`, `jobworkType`, `transaction_type`, `created_at`, `created_by`, `deleted`, `challan_no`) VALUES
(1, '', '', '5', '6', 'Dye', 'issue', '2020-05-26 00:00:00', '1', 0, 0),
(2, '', '', '5', '6', 'Dye', 'issue', '2020-05-26 00:00:00', '1', 0, 0),
(3, 'MD ANAS', 'MD ANAS', '6', '6', 'Dye', 'issue', '2020-05-26 00:00:00', '1', 0, 0);

-- --------------------------------------------------------

--
-- Table structure for table `dye_transaction_meta`
--

DROP TABLE IF EXISTS `dye_transaction_meta`;
CREATE TABLE IF NOT EXISTS `dye_transaction_meta` (
  `dtm_id` int(11) NOT NULL AUTO_INCREMENT,
  `dye_transaction_id` int(11) NOT NULL,
  `pbc` varchar(64) NOT NULL,
  `fabric` varchar(64) NOT NULL,
  `hsn` varchar(6) NOT NULL,
  `fabric_type` varchar(64) NOT NULL,
  `dye` varchar(64) NOT NULL,
  `color` varchar(64) NOT NULL,
  `current_qty` float(4,2) NOT NULL,
  `unit` varchar(64) NOT NULL,
  `job` varchar(64) NOT NULL,
  `rate` int(6) NOT NULL,
  `value` double(8,2) NOT NULL,
  `days_left` int(11) NOT NULL,
  `remark` varchar(64) NOT NULL,
  PRIMARY KEY (`dtm_id`)
) ENGINE=MyISAM AUTO_INCREMENT=5 DEFAULT CHARSET=utf8;

--
-- Dumping data for table `dye_transaction_meta`
--

INSERT INTO `dye_transaction_meta` (`dtm_id`, `dye_transaction_id`, `pbc`, `fabric`, `hsn`, `fabric_type`, `dye`, `color`, `current_qty`, `unit`, `job`, `rate`, `value`, `days_left`, `remark`) VALUES
(1, 2, 'P2', '111/04', '55/500', '', '', 'SD', 27.00, 'METER', '', 0, 0.00, 2020, ''),
(2, 2, 'P3', '316', '55/500', '', '', '', 1.00, 'PICES', '', 0, 0.00, 2020, ''),
(3, 3, 'p1', '313', '55/500', '', '', 'ASD', 14.00, 'METER', '', 0, 0.00, 2020, ''),
(4, 3, 'p2', '111/04', '55/500', '', '', 'ADS', 27.00, 'METER', '', 0, 0.00, 2020, '');

-- --------------------------------------------------------

--
-- Table structure for table `emb`
--

DROP TABLE IF EXISTS `emb`;
CREATE TABLE IF NOT EXISTS `emb` (
  `id` int(11) NOT NULL AUTO_INCREMENT,
  `designName` varchar(128) DEFAULT NULL,
  `workerName` varchar(128) DEFAULT NULL,
  `rate` varchar(62) DEFAULT NULL,
  `created_date` varchar(30) DEFAULT NULL,
  PRIMARY KEY (`id`)
) ENGINE=MyISAM AUTO_INCREMENT=21 DEFAULT CHARSET=latin1;

--
-- Dumping data for table `emb`
--

INSERT INTO `emb` (`id`, `designName`, `workerName`, `rate`, `created_date`) VALUES
(14, '62', '5', '120', NULL),
(15, '62', '6', '130', NULL),
(16, '62', '12', '145', NULL),
(17, '62', '13', '122', NULL),
(18, '70', '14', '454', NULL),
(19, '70', '12', '125', NULL),
(20, '70', '13', '245', NULL);

-- --------------------------------------------------------

--
-- Table structure for table `erc`
--

DROP TABLE IF EXISTS `erc`;
CREATE TABLE IF NOT EXISTS `erc` (
  `id` int(11) NOT NULL AUTO_INCREMENT,
  `desName` varchar(255) NOT NULL,
  `desCode` varchar(255) NOT NULL,
  `rate` varchar(62) NOT NULL,
  `created_at` varchar(62) DEFAULT NULL,
  `updated_at` varchar(62) DEFAULT NULL,
  PRIMARY KEY (`id`)
) ENGINE=MyISAM AUTO_INCREMENT=89 DEFAULT CHARSET=latin1;

--
-- Dumping data for table `erc`
--

INSERT INTO `erc` (`id`, `desName`, `desCode`, `rate`, `created_at`, `updated_at`) VALUES
(22, 'TH285A', 'AJ', '375', '2020-06-04 12:21:38', '2020-06-04 12:21:38'),
(23, 'TH283A', 'AO', '500', '2020-06-04 12:20:42', '2020-06-04 12:20:42'),
(31, 'TH234B', 'AK', '400', '2020-06-04 12:16:21', '2020-06-04 12:16:21'),
(30, 'TH240A', 'AM', '450', '2020-06-04 12:17:33', '2020-06-04 12:17:33'),
(29, 'TH261B', 'AV', '675', '2020-06-04 12:19:03', '2020-06-04 12:19:03'),
(28, 'TH269', 'AL', '425', '2020-06-04 12:19:57', '2020-06-04 12:19:57'),
(32, 'TH232A', 'AP', '525', '2020-06-04 12:15:40', '2020-06-04 12:15:40'),
(33, 'TH222A', ' AM', '450', '2020-06-04 12:09:58', '2020-06-04 12:09:58'),
(34, 'TH124A ', 'AH', '325', '2020-06-04 12:00:50', '2020-06-04 12:00:50'),
(35, 'TH230', 'AN', '475', '2020-06-04 12:14:44', '2020-06-04 12:14:44'),
(36, 'TH289', 'AT', '625', '2020-06-04 12:22:53', '2020-06-04 12:22:53'),
(37, 'TH303', 'AH', '325', '2020-06-05 08:48:04', '2020-06-05 08:48:04'),
(38, 'TH321', 'AG', '300', '2020-06-05 08:51:06', '2020-06-05 08:51:06'),
(39, 'TH356A', 'AH', '325', '2020-06-05 08:52:35', '2020-06-05 08:52:35'),
(40, 'TH228', 'AQ', '550', '2020-06-04 12:13:17', '2020-06-04 12:13:17'),
(41, 'TH226', 'AO', '500', '2020-06-04 12:12:28', '2020-06-04 12:12:28'),
(42, 'TH224A', 'AR', '575', '2020-06-04 12:11:32', '2020-06-04 12:11:32'),
(43, 'TH211', 'AD', '225', '2020-06-04 12:01:31', '2020-06-04 12:01:31'),
(44, 'TH107', 'AP', '525', '2020-06-04 08:47:02', '2020-06-04 08:47:02'),
(45, 'TH362', 'AN', '475', '2020-06-05 08:53:47', '2020-06-05 08:53:47'),
(46, 'TH400A', 'AC', '200', '2020-06-05 08:55:55', '2020-06-05 08:55:55'),
(47, 'TH414', 'AH ', '325', '2020-06-05 09:06:13', '2020-06-05 09:06:13'),
(48, 'TH414B', 'AH', '325', '2020-06-05 09:07:30', '2020-06-05 09:07:30'),
(49, 'TH436', 'AF', '275', '2020-06-05 11:54:12', '2020-06-05 11:54:12'),
(50, 'TH448B', 'AF', '275', '2020-06-05 11:54:42', '2020-06-05 11:54:42'),
(51, 'TH414A', 'AH', '325', '2020-06-05 09:06:48', '2020-06-05 09:06:48'),
(52, 'TH418A', 'AF', '275', '2020-06-05 11:52:29', '2020-06-05 11:52:29'),
(53, 'TH454', 'AC', '200', '2020-06-05 11:55:10', '2020-06-05 11:55:10'),
(54, 'TH455A', 'AD', '225', '2020-06-05 11:55:43', '2020-06-05 11:55:43'),
(55, 'TH465', 'AL', '425', '2020-06-05 11:56:07', '2020-06-05 11:56:07'),
(56, 'TH497', 'AJ', '375', '2020-06-05 11:57:01', '2020-06-05 11:57:01'),
(57, 'TH419', 'AV', '675', '2020-06-05 11:53:43', '2020-06-05 11:53:43'),
(58, 'TH535B', 'AS', '600', '2020-06-05 11:58:25', '2020-06-05 11:58:25'),
(59, 'TH618', 'AK', '400', '2020-06-05 12:14:59', '2020-06-05 12:14:59'),
(60, 'TH536', 'AC', '200', '2020-06-05 12:00:22', '2020-06-05 12:00:22'),
(61, 'TH541A', 'AK', '400', '2020-06-05 12:01:10', '2020-06-05 12:01:10'),
(62, 'TH573A', 'AA', '150', '2020-06-05 12:12:33', '2020-06-05 12:12:33'),
(63, 'TH574C', 'AC', '200', '2020-06-05 12:13:21', '2020-06-05 12:13:21'),
(64, 'TH610', 'AR', '575', '2020-06-05 12:14:10', '2020-06-05 12:14:10'),
(65, 'TH620A', 'AG', '300', '2020-06-05 12:16:24', '2020-06-05 12:16:24'),
(66, 'TH573B', 'AB', '175', '2020-06-05 12:20:23', '2020-06-05 12:20:23'),
(67, 'THS481', 'AN', '475', '2020-06-05 12:23:03', '2020-06-05 12:23:03'),
(68, 'THS495', 'AH', '325', '2020-06-05 12:23:46', '2020-06-05 12:23:46'),
(69, 'THS496', 'AH', '325', '2020-06-05 12:24:10', '2020-06-05 12:24:10'),
(70, 'TH300A', 'AH', '325', '2020-06-07 04:06:24', '2020-06-07 04:06:24'),
(71, 'TH361A', 'AG', '300', '2020-06-07 04:07:24', '2020-06-07 04:07:24'),
(72, 'TH459', 'AT', '625', '2020-06-07 05:19:06', '2020-06-07 05:19:06'),
(73, 'TH472', 'AH', '325', '2020-06-07 04:09:47', '2020-06-07 04:09:47'),
(74, 'TH482A', 'AE', '250', '2020-06-07 04:12:27', '2020-06-07 04:12:27'),
(75, 'TH499A', 'AC', '200', '2020-06-07 04:12:58', '2020-06-07 04:12:58'),
(76, 'TH518A', 'AI', '350', '2020-06-07 04:14:13', '2020-06-07 04:14:13'),
(77, 'TH534A', 'AD', '225', '2020-06-07 04:14:29', '2020-06-07 04:14:29'),
(78, 'TH535', 'AS', '600', '2020-06-07 04:15:10', '2020-06-07 04:15:10'),
(79, 'TH509', 'AL', '425', '2020-06-07 05:13:20', '2020-06-07 05:13:20'),
(80, 'TH536A', 'AI', '350', '2020-06-07 04:22:22', '2020-06-07 04:22:22'),
(81, 'TH512', 'AO', '500', '2020-06-07 05:14:49', '2020-06-07 05:14:49'),
(82, 'TH536B', 'AS', '600', '2020-06-07 05:20:40', '2020-06-07 05:20:40'),
(83, 'TH508', 'AS', '600', '2020-06-07 05:20:06', '2020-06-07 05:20:06'),
(84, 'TH592', 'AK', '400', '2020-06-07 05:23:56', '2020-06-07 05:23:56'),
(85, 'TH599', 'AN', '475', '2020-06-07 05:25:01', '2020-06-07 05:25:01'),
(86, 'TH607', 'AN', '475', '2020-06-07 05:25:56', '2020-06-07 05:25:56'),
(87, 'TH469C', 'AH', '325', '2020-06-07 05:27:21', '2020-06-07 05:27:21'),
(88, 'NULL', '', '', NULL, NULL);

-- --------------------------------------------------------

--
-- Table structure for table `fabric`
--

DROP TABLE IF EXISTS `fabric`;
CREATE TABLE IF NOT EXISTS `fabric` (
  `id` int(11) NOT NULL AUTO_INCREMENT,
  `fabricName` varchar(20) DEFAULT NULL,
  `fabHsnCode` varchar(10) DEFAULT NULL,
  `fabricType` varchar(10) DEFAULT NULL,
  `fabricCode` varchar(10) DEFAULT NULL,
  `purchase` varchar(128) DEFAULT NULL,
  `Code` varchar(128) DEFAULT NULL,
  `sale_rate` varchar(128) DEFAULT NULL,
  PRIMARY KEY (`id`)
) ENGINE=InnoDB AUTO_INCREMENT=38 DEFAULT CHARSET=latin1;

--
-- Dumping data for table `fabric`
--

INSERT INTO `fabric` (`id`, `fabricName`, `fabHsnCode`, `fabricType`, `fabricCode`, `purchase`, `Code`, `sale_rate`) VALUES
(3, '101/02', '56/5208', 'THAN', '56', '4356', 'AY', '5000'),
(6, '315', '15/5007/', 'SAREE', '15', '56', 'G', '3006'),
(8, '111/02', '54/5007', 'THAN', '54', '120', 'MM', '140.'),
(15, '131/05', '55/5007/', 'THAN', '55', '115', '', '1000'),
(16, '107 B-2', '56/5208', 'THAN', '56', '115', 'H', '37000'),
(17, '131/07', '55/5007/', 'THAN', '55', NULL, NULL, NULL),
(18, '131/05 PRT', '55/5007/', 'THAN', '55', NULL, NULL, NULL),
(19, '101/02 PRT', '56/5208', 'THAN', '56', '290', NULL, NULL),
(20, '111/04', '54/5007', 'THAN', '54', NULL, NULL, NULL),
(21, '111/04 PRT', '54/5007', 'THAN', '54', NULL, NULL, NULL),
(22, '111/04 T', '54/5007', 'THAN', '54', NULL, NULL, NULL),
(23, '111/08', '54/5007', 'THAN', '54', NULL, NULL, NULL),
(24, '111/02 PRT', '54/5007', 'THAN', '54', NULL, NULL, NULL),
(25, '311', '11/5007', 'SAREE', '11', NULL, NULL, NULL),
(26, '312', '12/5007', 'SAREE', '12', NULL, NULL, NULL),
(27, '313', '13/5007', 'SAREE', '13', NULL, NULL, NULL),
(28, '314', '14/5007', 'SAREE', '14', NULL, NULL, NULL),
(29, '316', '16/5208', 'SAREE', '16', NULL, NULL, NULL),
(30, '331', '31/5007', 'SUIT', '31', NULL, NULL, NULL),
(31, '332', '32/5007', 'SUIT', '32', NULL, NULL, NULL),
(32, '333', '33/5007', 'SUIT', '33', NULL, NULL, NULL),
(33, '334', '55/5007/', 'SUIT', '34', NULL, NULL, NULL),
(34, '335', '35/5007', 'SUIT', '35', NULL, NULL, NULL),
(35, '336', '36/5208', 'SUIT', '36', NULL, NULL, NULL),
(36, '401/VELVET', '12', 'THAN', '54', '220', 'AP', '900'),
(37, '121/06', '51/5007', 'THAN', '51', NULL, NULL, NULL);

-- --------------------------------------------------------

--
-- Table structure for table `fabric_challan`
--

DROP TABLE IF EXISTS `fabric_challan`;
CREATE TABLE IF NOT EXISTS `fabric_challan` (
  `fc_id` int(11) NOT NULL AUTO_INCREMENT,
  `created` datetime NOT NULL DEFAULT CURRENT_TIMESTAMP,
  `counter` int(11) NOT NULL,
  `created_by` varchar(64) DEFAULT NULL,
  `challan_from` varchar(9) NOT NULL,
  `challan_to` varchar(9) NOT NULL,
  `challan_no` varchar(64) NOT NULL,
  `doc_challan` varchar(64) DEFAULT NULL,
  `challan_date` date NOT NULL,
  `unit` int(11) NOT NULL,
  `fabric_type` varchar(64) NOT NULL,
  `challan_type` enum('recieve','return','tc') NOT NULL,
  `total_quantity` float(5,2) DEFAULT NULL,
  `total_pcs` int(4) DEFAULT NULL,
  `total_tc` double(8,2) NOT NULL,
  `total_amount` double(10,2) DEFAULT NULL,
  `last_update` timestamp NOT NULL DEFAULT CURRENT_TIMESTAMP,
  `deleted` tinyint(1) NOT NULL DEFAULT '0',
  PRIMARY KEY (`fc_id`)
) ENGINE=InnoDB AUTO_INCREMENT=85 DEFAULT CHARSET=utf8mb4;

--
-- Dumping data for table `fabric_challan`
--

INSERT INTO `fabric_challan` (`fc_id`, `created`, `counter`, `created_by`, `challan_from`, `challan_to`, `challan_no`, `doc_challan`, `challan_date`, `unit`, `fabric_type`, `challan_type`, `total_quantity`, `total_pcs`, `total_tc`, `total_amount`, `last_update`, `deleted`) VALUES
(63, '2020-06-01 12:04:19', 1, '1', '16', '17', 'FRC1', 'STOCK', '2020-06-01', 0, 'THAN', 'recieve', 77.50, 5, 0.00, 25575.00, '2020-06-01 06:34:19', 0),
(64, '2020-06-01 12:36:25', 2, '1', '16', '17', 'FRC2', 'STOCK', '2020-06-01', 0, 'THAN', 'recieve', 36.10, 3, 0.00, 5234.50, '2020-06-01 07:06:25', 0),
(65, '2020-06-01 14:06:00', 3, '1', '16', '17', 'FRC3', 'STOCK', '2020-06-01', 0, 'THAN', 'recieve', 228.75, 14, 0.00, 78918.75, '2020-06-01 08:36:00', 0),
(66, '2020-06-01 14:19:39', 4, '1', '16', '17', 'FRC4', 'STOCK', '2020-06-01', 0, 'THAN', 'recieve', 146.80, 9, 0.00, 50646.00, '2020-06-01 08:49:39', 0),
(67, '2020-06-01 14:32:33', 5, '1', '16', '17', 'FRC5', 'STOCK', '2020-06-01', 0, 'THAN', 'recieve', 254.70, 16, 0.00, 87871.50, '2020-06-01 09:02:33', 0),
(71, '2020-06-04 12:11:27', 6, '1', '16', '17', 'FRC6', 'STOCK', '2020-06-04', 0, 'THAN', 'recieve', 104.45, 8, 0.00, 15667.50, '2020-06-04 06:41:27', 0),
(72, '2020-06-04 13:08:12', 7, '1', '16', '17', 'FRC7', 'STOCK', '2020-06-04', 0, 'THAN', 'recieve', 165.60, 13, 0.00, 24840.00, '2020-06-04 07:38:12', 0),
(73, '2020-06-04 13:51:53', 8, '1', '16', '17', 'FRC8', 'STOCK', '2020-06-04', 0, 'THAN', 'recieve', 159.00, 13, 0.00, 23850.00, '2020-06-04 08:21:53', 0),
(74, '2020-06-04 14:30:22', 9, '1', '16', '17', 'FRC9', 'STOCK', '2020-06-04', 0, 'THAN', 'recieve', 192.00, 16, 0.00, 28800.00, '2020-06-04 09:00:22', 0),
(75, '2020-06-05 17:11:39', 10, '1', '', '', 'TC10', NULL, '2020-06-05', 0, '', 'tc', 5.20, 2, 0.90, NULL, '2020-06-05 11:41:39', 0),
(76, '2020-06-08 10:20:33', 10, '1', '16', '17', 'FRC10', 'STOCK', '2020-06-08', 0, 'THAN', 'recieve', 12.00, 1, 0.00, 1800.00, '2020-06-08 04:50:33', 0),
(77, '2020-06-08 10:22:23', 11, '1', '16', '17', 'FRC11', 'STOCK', '2020-06-08', 0, 'THAN', 'recieve', 24.00, 2, 0.00, 3600.00, '2020-06-08 04:52:23', 0),
(78, '2020-06-08 10:23:29', 12, '1', '16', '17', 'FRC12', 'STOCK', '2020-06-08', 0, 'THAN', 'recieve', 12.00, 1, 0.00, 1800.00, '2020-06-08 04:53:29', 0),
(79, '2020-06-08 10:41:03', 13, '1', '16', '17', 'FRC13', 'STOCK', '2020-06-08', 0, 'THAN', 'recieve', 323.70, 26, 0.00, 48555.00, '2020-06-08 05:11:03', 0),
(80, '2020-06-08 11:48:35', 14, '1', '16', '17', 'FRC14', 'STOCK', '2020-06-08', 0, 'THAN', 'recieve', 53.10, 4, 0.00, 7965.00, '2020-06-08 06:18:35', 0),
(81, '2020-06-08 12:20:54', 15, '1', '16', '17', 'FRC15', 'STOCK', '2020-06-08', 0, 'THAN', 'recieve', 238.65, 20, 0.00, 35797.50, '2020-06-08 06:50:54', 0),
(82, '2020-06-08 12:49:54', 16, '1', '16', '17', 'FRC16', 'STOCK', '2020-06-08', 0, 'THAN', 'recieve', 229.80, 22, 0.00, 34470.00, '2020-06-08 07:19:54', 0),
(83, '2020-06-10 10:25:29', 1, '1', '17', 'Select Go', 'RET1', NULL, '2020-06-10', 0, 'THAN', 'return', 44.50, 3, 0.00, 14685.00, '2020-06-10 04:55:29', 0),
(84, '2020-06-11 14:38:36', 17, '1', '16', '17', 'FRC17', '125', '2020-06-11', 0, 'SAREE', 'recieve', 31.00, 2, 0.00, 3875.00, '2020-06-11 09:08:36', 0);

-- --------------------------------------------------------

--
-- Table structure for table `fabric_stock_received`
--

DROP TABLE IF EXISTS `fabric_stock_received`;
CREATE TABLE IF NOT EXISTS `fabric_stock_received` (
  `fsr_id` int(11) NOT NULL AUTO_INCREMENT,
  `fabric_challan_id` int(11) NOT NULL,
  `parent_barcode` varchar(24) NOT NULL COMMENT 'parent_barcode ( ''p'' + $id )',
  `parent` varchar(11) DEFAULT NULL COMMENT 'parent _barcode From $this Table ',
  `counter` int(11) NOT NULL,
  `fabric_id` varchar(11) DEFAULT NULL,
  `fabric_type` varchar(24) DEFAULT NULL,
  `hsn` varchar(64) NOT NULL,
  `stock_quantity` double(6,2) NOT NULL DEFAULT '0.00',
  `current_stock` double(6,2) NOT NULL,
  `stock_unit` varchar(6) DEFAULT NULL,
  `challan_no` varchar(64) NOT NULL,
  `unit_id` varchar(11) NOT NULL COMMENT 'Unit Id From Unit Table',
  `color_name` varchar(24) DEFAULT NULL,
  `ad_no` varchar(32) DEFAULT NULL,
  `purchase_code` varchar(12) DEFAULT NULL,
  `purchase_rate` int(11) DEFAULT NULL,
  `total_value` double(8,2) NOT NULL,
  `tc` double(5,2) DEFAULT NULL,
  `isSecond` tinyint(1) NOT NULL,
  `isStock` tinyint(1) NOT NULL DEFAULT '1',
  `isTc` tinyint(1) NOT NULL DEFAULT '0',
  `challan_type` enum('recieve','return','tc') NOT NULL,
  `created_date` date DEFAULT NULL,
  `last_update` timestamp NOT NULL DEFAULT CURRENT_TIMESTAMP,
  `deleted` tinyint(1) NOT NULL DEFAULT '0',
  PRIMARY KEY (`fsr_id`),
  UNIQUE KEY `parent_barcode` (`parent_barcode`)
) ENGINE=InnoDB AUTO_INCREMENT=316 DEFAULT CHARSET=utf8mb4;

--
-- Dumping data for table `fabric_stock_received`
--

INSERT INTO `fabric_stock_received` (`fsr_id`, `fabric_challan_id`, `parent_barcode`, `parent`, `counter`, `fabric_id`, `fabric_type`, `hsn`, `stock_quantity`, `current_stock`, `stock_unit`, `challan_no`, `unit_id`, `color_name`, `ad_no`, `purchase_code`, `purchase_rate`, `total_value`, `tc`, `isSecond`, `isStock`, `isTc`, `challan_type`, `created_date`, `last_update`, `deleted`) VALUES
(123, 63, 'P1', NULL, 1, '15', 'THAN', '55/5007/', 12.00, 12.00, 'MTR', 'FRC1', '', '8', 'NILL', 'LRR', 330, 3960.00, NULL, 0, 0, 0, 'recieve', '2020-06-01', '2020-06-01 06:34:19', 0),
(124, 63, 'P2', NULL, 2, '15', 'THAN', '55/5007/', 16.50, 16.50, 'MTR', 'FRC1', '', '8', 'NILL', 'LRR', 330, 5445.00, NULL, 0, 0, 0, 'recieve', '2020-06-01', '2020-06-01 06:34:19', 0),
(125, 63, 'P3', NULL, 3, '15', 'THAN', '55/5007/', 16.00, 16.00, 'MTR', 'FRC1', '', '8', 'NILL', 'LRR', 330, 5280.00, NULL, 0, 0, 0, 'recieve', '2020-06-01', '2020-06-01 06:34:19', 0),
(126, 63, 'P4', NULL, 4, '15', 'THAN', '55/5007/', 16.80, 16.80, 'MTR', 'FRC1', '', '8', 'NILL', 'LRR', 330, 5544.00, NULL, 0, 1, 0, 'recieve', '2020-06-01', '2020-06-01 06:34:19', 0),
(127, 63, 'P5', NULL, 5, '15', 'THAN', '55/5007/', 16.20, 16.20, 'MTR', 'FRC1', '', '8', 'NILL', 'LRR', 330, 5346.00, NULL, 0, 1, 0, 'recieve', '2020-06-01', '2020-06-01 06:34:19', 0),
(128, 64, 'P6', NULL, 6, '3', 'THAN', '56/5208', 12.10, 0.00, 'MTR', 'FRC2', '', '12', 'NILL', 'GDR', 145, 1754.50, 0.00, 1, 1, 0, 'recieve', '2020-06-01', '2020-06-01 07:06:25', 0),
(129, 64, 'P7', NULL, 7, '3', 'THAN', '56/5208', 12.00, 0.00, 'MTR', 'FRC2', '', '10', 'NILL', 'GDR', 145, 1740.00, 0.00, 1, 1, 0, 'recieve', '2020-06-01', '2020-06-01 07:06:25', 0),
(130, 70, 'P8', NULL, 8, '3', 'THAN', '56/5208', 12.00, 12.00, 'MTR', 'FRC2', '', '10', 'NILL', 'GDR', 145, 1740.00, NULL, 0, 1, 0, 'recieve', '2020-06-01', '2020-06-01 07:06:25', 0),
(131, 0, 'P6/1', 'P6', 1, '3', 'THAN', '56/5208', 3.00, 3.00, 'MTR', 'FRC2', '', '12', 'NILL', 'GDR', 145, 435.00, 0.00, 1, 1, 0, 'recieve', '2020-06-01', '2020-06-01 07:08:59', 0),
(132, 0, 'P6/2', 'P6', 2, '3', 'THAN', '56/5208', 3.00, 3.00, 'MTR', 'FRC2', '', '12', 'NILL', 'GDR', 145, 435.00, 0.00, 1, 1, 0, 'recieve', '2020-06-01', '2020-06-01 07:08:59', 0),
(133, 0, 'P6/3', 'P6', 3, '3', 'THAN', '56/5208', 3.00, 3.00, 'MTR', 'FRC2', '', '12', 'NILL', 'GDR', 145, 435.00, 0.00, 1, 1, 0, 'recieve', '2020-06-01', '2020-06-01 07:08:59', 0),
(134, 0, 'P6/4', 'P6', 4, '3', 'THAN', '56/5208', 3.00, 3.00, 'MTR', 'FRC2', '', '12', 'NILL', 'GDR', 145, 435.00, 0.10, 1, 1, 1, 'recieve', '2020-06-01', '2020-06-01 07:08:59', 0),
(135, 0, 'P7/1', 'P7', 1, '3', 'THAN', '56/5208', 6.00, 3.00, 'MTR', 'FRC2', '', '10', 'NILL', 'GDR', 145, 870.00, 0.00, 1, 1, 0, 'recieve', '2020-06-01', '2020-06-01 07:11:02', 0),
(136, 0, 'P7/2', 'P7', 2, '3', 'THAN', '56/5208', 6.00, 3.00, 'MTR', 'FRC2', '', '10', 'NILL', 'GDR', 145, 870.00, 0.00, 1, 1, 0, 'recieve', '2020-06-01', '2020-06-01 07:11:02', 0),
(137, 0, 'P7/1/1', 'P7/1', 1, '3', 'THAN', '56/5208', 3.00, 3.00, 'MTR', 'FRC2', '', '10', 'NILL', 'GDR', 145, 435.00, 0.00, 1, 1, 0, 'recieve', '2020-06-01', '2020-06-01 07:12:02', 0),
(138, 65, 'P9', NULL, 9, '15', 'THAN', '55/5007/', 16.30, 16.30, 'MTR', 'FRC3', '', 'NATURAL', 'NILL', 'LOR', 345, 5623.50, NULL, 0, 1, 0, 'recieve', '2020-06-01', '2020-06-01 08:36:00', 0),
(139, 65, 'P10', NULL, 10, '15', 'THAN', '55/5007/', 16.30, 16.30, 'MTR', 'FRC3', '', 'NATURAL', 'NILL', 'LOR', 345, 5623.50, NULL, 0, 1, 0, 'recieve', '2020-06-01', '2020-06-01 08:36:00', 0),
(140, 65, 'P11', NULL, 11, '15', 'THAN', '55/5007/', 16.30, 16.30, 'MTR', 'FRC3', '', 'NATURAL', 'NILL', 'LOR', 345, 5623.50, NULL, 0, 1, 0, 'recieve', '2020-06-01', '2020-06-01 08:36:00', 0),
(141, 65, 'P12', NULL, 12, '15', 'THAN', '55/5007/', 15.75, 15.75, 'MTR', 'FRC3', '', 'NATURAL', 'NILL', 'LOR', 345, 5433.75, NULL, 0, 1, 0, 'recieve', '2020-06-01', '2020-06-01 08:36:00', 0),
(142, 65, 'P13', NULL, 13, '15', 'THAN', '55/5007/', 15.90, 15.90, 'MTR', 'FRC3', '', 'NATURAL', 'NILL', 'LOR', 345, 5485.50, NULL, 0, 1, 0, 'recieve', '2020-06-01', '2020-06-01 08:36:00', 0),
(143, 65, 'P14', NULL, 14, '15', 'THAN', '55/5007/', 16.20, 16.20, 'MTR', 'FRC3', '', 'NATURAL', 'NILL', 'LOR', 345, 5589.00, NULL, 0, 1, 0, 'recieve', '2020-06-01', '2020-06-01 08:36:00', 0),
(144, 65, 'P15', NULL, 15, '15', 'THAN', '55/5007/', 16.50, 16.50, 'MTR', 'FRC3', '', 'NATURAL', 'NILL', 'LOR', 345, 5692.50, NULL, 0, 1, 0, 'recieve', '2020-06-01', '2020-06-01 08:36:00', 0),
(145, 65, 'P16', NULL, 16, '15', 'THAN', '55/5007/', 16.50, 16.50, 'MTR', 'FRC3', '', 'NATURAL', 'NILL', 'LOR', 345, 5692.50, NULL, 0, 1, 0, 'recieve', '2020-06-01', '2020-06-01 08:36:00', 0),
(146, 65, 'P17', NULL, 17, '15', 'THAN', '55/5007/', 16.50, 16.50, 'MTR', 'FRC3', '', 'NATURAL', 'NILL', 'LOR', 345, 5692.50, NULL, 0, 1, 0, 'recieve', '2020-06-01', '2020-06-01 08:36:00', 0),
(147, 65, 'P18', NULL, 18, '15', 'THAN', '55/5007/', 16.50, 16.50, 'MTR', 'FRC3', '', 'NATURAL', 'NILL', 'LOR', 345, 5692.50, NULL, 0, 1, 0, 'recieve', '2020-06-01', '2020-06-01 08:36:00', 0),
(148, 65, 'P19', NULL, 19, '15', 'THAN', '55/5007/', 16.50, 16.50, 'MTR', 'FRC3', '', 'NATURAL', 'NILL', 'LOR', 345, 5692.50, NULL, 0, 1, 0, 'recieve', '2020-06-01', '2020-06-01 08:36:00', 0),
(149, 65, 'P20', NULL, 20, '15', 'THAN', '55/5007/', 16.50, 16.50, 'MTR', 'FRC3', '', 'NATURAL', 'NILL', 'LOR', 345, 5692.50, NULL, 0, 1, 0, 'recieve', '2020-06-01', '2020-06-01 08:36:00', 0),
(150, 65, 'P21', NULL, 21, '15', 'THAN', '55/5007/', 16.50, 16.50, 'MTR', 'FRC3', '', 'NATURAL', 'NILL', 'LOR', 345, 5692.50, NULL, 0, 1, 0, 'recieve', '2020-06-01', '2020-06-01 08:36:00', 0),
(151, 65, 'P22', NULL, 22, '15', 'THAN', '55/5007/', 16.50, 16.50, 'MTR', 'FRC3', '', 'NATURAL', 'NILL', 'LOR', 345, 5692.50, NULL, 0, 1, 0, 'recieve', '2020-06-01', '2020-06-01 08:36:00', 0),
(152, 66, 'P23', NULL, 23, '15', 'THAN', '55/5007/', 16.50, 16.50, 'MTR', 'FRC4', '', 'NATURAL', 'NILL', 'LOR', 345, 5692.50, NULL, 0, 1, 0, 'recieve', '2020-06-01', '2020-06-01 08:49:40', 0),
(153, 66, 'P24', NULL, 24, '15', 'THAN', '55/5007/', 16.50, 16.50, 'MTR', 'FRC4', '', 'NATURAL', 'NILL', 'LOR', 345, 5692.50, NULL, 0, 1, 0, 'recieve', '2020-06-01', '2020-06-01 08:49:41', 0),
(154, 66, 'P25', NULL, 25, '15', 'THAN', '55/5007/', 16.50, 16.50, 'MTR', 'FRC4', '', 'NATURAL', 'NILL', 'LOR', 345, 5692.50, NULL, 0, 1, 0, 'recieve', '2020-06-01', '2020-06-01 08:49:42', 0),
(155, 66, 'P26', NULL, 26, '15', 'THAN', '55/5007/', 16.50, 16.50, 'MTR', 'FRC4', '', 'NATURAL', 'NILL', 'LOR', 345, 5692.50, NULL, 0, 1, 0, 'recieve', '2020-06-01', '2020-06-01 08:49:44', 0),
(156, 66, 'P27', NULL, 27, '15', 'THAN', '55/5007/', 16.35, 16.35, 'MTR', 'FRC4', '', 'NATURAL', 'NILL', 'LOR', 345, 5640.75, NULL, 0, 1, 0, 'recieve', '2020-06-01', '2020-06-01 08:49:45', 0),
(157, 66, 'P28', NULL, 28, '15', 'THAN', '55/5007/', 15.75, 15.75, 'MTR', 'FRC4', '', 'NATURAL', 'NILL', 'LOR', 345, 5433.75, NULL, 0, 1, 0, 'recieve', '2020-06-01', '2020-06-01 08:49:45', 0),
(158, 66, 'P29', NULL, 29, '15', 'THAN', '55/5007/', 16.40, 16.40, 'MTR', 'FRC4', '', 'NATURAL', 'NILL', 'LOR', 345, 5658.00, NULL, 0, 1, 0, 'recieve', '2020-06-01', '2020-06-01 08:49:45', 0),
(159, 66, 'P30', NULL, 30, '15', 'THAN', '55/5007/', 16.00, 16.00, 'MTR', 'FRC4', '', 'NATURAL', 'NILL', 'LOR', 345, 5520.00, NULL, 0, 1, 0, 'recieve', '2020-06-01', '2020-06-01 08:49:45', 0),
(160, 66, 'P31', NULL, 31, '15', 'THAN', '55/5007/', 16.30, 16.30, 'MTR', 'FRC4', '', 'NATURAL', 'NILL', 'LOR', 345, 5623.50, NULL, 0, 1, 0, 'recieve', '2020-06-01', '2020-06-01 08:49:45', 0),
(161, 67, 'P32', NULL, 32, '15', 'THAN', '55/5007/', 16.50, 16.50, 'MTR', 'FRC5', '', 'NATURAL', 'NILL', 'LOR', 345, 5692.50, NULL, 0, 1, 0, 'recieve', '2020-06-01', '2020-06-01 09:02:33', 0),
(162, 67, 'P33', NULL, 33, '15', 'THAN', '55/5007/', 16.50, 16.50, 'MTR', 'FRC5', '', 'NATURAL', 'NILL', 'LOR', 345, 5692.50, NULL, 0, 1, 0, 'recieve', '2020-06-01', '2020-06-01 09:02:33', 0),
(163, 67, 'P34', NULL, 34, '15', 'THAN', '55/5007/', 16.50, 16.50, 'MTR', 'FRC5', '', 'NATURAL', 'NILL', 'LOR', 345, 5692.50, NULL, 0, 1, 0, 'recieve', '2020-06-01', '2020-06-01 09:02:33', 0),
(164, 67, 'P35', NULL, 35, '15', 'THAN', '55/5007/', 16.50, 16.50, 'MTR', 'FRC5', '', 'NATURAL', 'NILL', 'LOR', 345, 5692.50, NULL, 0, 1, 0, 'recieve', '2020-06-01', '2020-06-01 09:02:33', 0),
(165, 67, 'P36', NULL, 36, '15', 'THAN', '55/5007/', 16.50, 16.50, 'MTR', 'FRC5', '', 'NATURAL', 'NILL', 'LOR', 345, 5692.50, NULL, 0, 1, 0, 'recieve', '2020-06-01', '2020-06-01 09:02:33', 0),
(166, 67, 'P37', NULL, 37, '15', 'THAN', '55/5007/', 16.50, 16.50, 'MTR', 'FRC5', '', 'NATURAL', 'NILL', 'LOR', 345, 5692.50, NULL, 0, 1, 0, 'recieve', '2020-06-01', '2020-06-01 09:02:33', 0),
(167, 67, 'P38', NULL, 38, '15', 'THAN', '55/5007/', 16.50, 16.50, 'MTR', 'FRC5', '', 'NATURAL', 'NILL', 'LOR', 345, 5692.50, NULL, 0, 1, 0, 'recieve', '2020-06-01', '2020-06-01 09:02:33', 0),
(168, 67, 'P39', NULL, 39, '15', 'THAN', '55/5007/', 16.50, 16.50, 'MTR', 'FRC5', '', 'NATURAL', 'NILL', 'LOR', 345, 5692.50, NULL, 0, 1, 0, 'recieve', '2020-06-01', '2020-06-01 09:02:33', 0),
(169, 67, 'P40', NULL, 40, '15', 'THAN', '55/5007/', 16.25, 16.25, 'MTR', 'FRC5', '', 'NATURAL', 'NILL', 'LOR', 345, 5606.25, NULL, 0, 1, 0, 'recieve', '2020-06-01', '2020-06-01 09:02:33', 0),
(170, 67, 'P41', NULL, 41, '15', 'THAN', '55/5007/', 16.00, 16.00, 'MTR', 'FRC5', '', 'NATURAL', 'NILL', 'LOR', 345, 5520.00, NULL, 0, 1, 0, 'recieve', '2020-06-01', '2020-06-01 09:02:33', 0),
(171, 67, 'P42', NULL, 42, '15', 'THAN', '55/5007/', 15.85, 15.85, 'MTR', 'FRC5', '', 'NATURAL', 'NILL', 'LOR', 345, 5468.25, NULL, 0, 1, 0, 'recieve', '2020-06-01', '2020-06-01 09:02:33', 0),
(172, 67, 'P43', NULL, 43, '15', 'THAN', '55/5007/', 15.80, 15.80, 'MTR', 'FRC5', '', 'NATURAL', 'NILL', 'LOR', 345, 5451.00, NULL, 0, 1, 0, 'recieve', '2020-06-01', '2020-06-01 09:02:33', 0),
(173, 67, 'P44', NULL, 44, '15', 'THAN', '55/5007/', 15.80, 15.80, 'MTR', 'FRC5', '', 'NATURAL', 'NILL', 'LOR', 345, 5451.00, NULL, 0, 1, 0, 'recieve', '2020-06-01', '2020-06-01 09:02:33', 0),
(174, 67, 'P45', NULL, 45, '15', 'THAN', '55/5007/', 16.45, 16.45, 'MTR', 'FRC5', '', 'NATURAL', 'NILL', 'LOR', 345, 5675.25, NULL, 0, 1, 0, 'recieve', '2020-06-01', '2020-06-01 09:02:33', 0),
(175, 67, 'P46', NULL, 46, '15', 'THAN', '55/5007/', 15.85, 15.85, 'MTR', 'FRC5', '', 'NATURAL', 'NILL', 'LOR', 345, 5468.25, NULL, 0, 1, 0, 'recieve', '2020-06-01', '2020-06-01 09:02:33', 0),
(176, 67, 'P47', NULL, 47, '15', 'THAN', '55/5007/', 10.70, 10.70, 'MTR', 'FRC5', '', '8', 'NILL', 'LOR', 345, 3691.50, NULL, 0, 1, 0, 'recieve', '2020-06-01', '2020-06-01 09:02:33', 0),
(182, 0, 'P7/2/1', 'P7/2', 1, '3', 'THAN', '56/5208', 3.00, 2.20, 'MTR', 'FRC2', '', '10', 'NILL', 'GDR', 145, 435.00, 0.80, 1, 1, 1, 'recieve', '2020-06-02', '2020-06-02 10:45:51', 0),
(183, 71, 'P48', NULL, 48, '3', 'THAN', '56/5208', 12.00, 12.00, 'MTR', 'FRC6', '', '2', 'NILL', 'GDR', 150, 1800.00, NULL, 0, 1, 0, 'recieve', '2020-06-04', '2020-06-04 06:41:29', 0),
(184, 71, 'P49', NULL, 49, '3', 'THAN', '56/5208', 15.00, 15.00, 'MTR', 'FRC6', '', '3', 'NILL', 'GDR', 150, 2250.00, NULL, 0, 1, 0, 'recieve', '2020-06-04', '2020-06-04 06:41:30', 0),
(185, 71, 'P50', NULL, 50, '3', 'THAN', '56/5208', 11.80, 11.80, 'MTR', 'FRC6', '', '4', 'NILL', 'GDR', 150, 1770.00, NULL, 0, 1, 0, 'recieve', '2020-06-04', '2020-06-04 06:41:30', 0),
(186, 71, 'P51', NULL, 51, '3', 'THAN', '56/5208', 11.80, 11.80, 'MTR', 'FRC6', '', '4', 'NILL', 'GDR', 150, 1770.00, NULL, 0, 1, 0, 'recieve', '2020-06-04', '2020-06-04 06:41:30', 0),
(187, 71, 'P52', NULL, 52, '3', 'THAN', '56/5208', 11.80, 11.80, 'MTR', 'FRC6', '', '4', 'NILL', 'GDR', 150, 1770.00, NULL, 0, 1, 0, 'recieve', '2020-06-04', '2020-06-04 06:41:30', 0),
(188, 71, 'P53', NULL, 53, '3', 'THAN', '56/5208', 11.80, 11.80, 'MTR', 'FRC6', '', '5', 'NILL', 'GDR', 150, 1770.00, NULL, 0, 1, 0, 'recieve', '2020-06-04', '2020-06-04 06:41:30', 0),
(189, 71, 'P54', NULL, 54, '3', 'THAN', '56/5208', 15.00, 15.00, 'MTR', 'FRC6', '', '16', 'NILL', 'GDR', 150, 2250.00, NULL, 0, 1, 0, 'recieve', '2020-06-04', '2020-06-04 06:41:30', 0),
(190, 71, 'P55', NULL, 55, '3', 'THAN', '56/5208', 15.25, 15.25, 'MTR', 'FRC6', '', '20', 'NILL', 'GDR', 150, 2287.50, NULL, 0, 1, 0, 'recieve', '2020-06-04', '2020-06-04 06:41:30', 0),
(191, 72, 'P56', NULL, 56, '3', 'THAN', '56/5208', 15.90, 15.90, 'MTR', 'FRC7', '', '41', 'NILL', 'GOE', 150, 2385.00, NULL, 0, 1, 0, 'recieve', '2020-06-04', '2020-06-04 07:38:13', 0),
(192, 72, 'P57', NULL, 57, '3', 'THAN', '56/5208', 10.85, 10.85, 'MTR', 'FRC7', '', '28', 'NILL', 'GOE', 150, 1627.50, NULL, 0, 1, 0, 'recieve', '2020-06-04', '2020-06-04 07:38:13', 0),
(193, 72, 'P58', NULL, 58, '3', 'THAN', '56/5208', 13.25, 13.25, 'MTR', 'FRC7', '', '24', 'NILL', 'GOE', 150, 1987.50, NULL, 0, 1, 0, 'recieve', '2020-06-04', '2020-06-04 07:38:13', 0),
(194, 72, 'P59', NULL, 59, '3', 'THAN', '56/5208', 12.00, 12.00, 'MTR', 'FRC7', '', '30', 'NILL', 'GOE', 150, 1800.00, NULL, 0, 1, 0, 'recieve', '2020-06-04', '2020-06-04 07:38:13', 0),
(195, 72, 'P60', NULL, 60, '3', 'THAN', '56/5208', 12.00, 12.00, 'MTR', 'FRC7', '', '30', 'NILL', 'GOE', 150, 1800.00, NULL, 0, 1, 0, 'recieve', '2020-06-04', '2020-06-04 07:38:13', 0),
(196, 72, 'P61', NULL, 61, '3', 'THAN', '56/5208', 14.60, 14.60, 'MTR', 'FRC7', '', '42', 'NILL', 'GOE', 150, 2190.00, NULL, 0, 1, 0, 'recieve', '2020-06-04', '2020-06-04 07:38:13', 0),
(197, 72, 'P62', NULL, 62, '3', 'THAN', '56/5208', 12.00, 12.00, 'MTR', 'FRC7', '', '36', 'NILL', 'GOE', 150, 1800.00, NULL, 0, 1, 0, 'recieve', '2020-06-04', '2020-06-04 07:38:13', 0),
(198, 72, 'P63', NULL, 63, '3', 'THAN', '56/5208', 12.00, 12.00, 'MTR', 'FRC7', '', '34', 'NILL', 'GOE', 150, 1800.00, NULL, 0, 1, 0, 'recieve', '2020-06-04', '2020-06-04 07:38:13', 0),
(199, 72, 'P64', NULL, 64, '3', 'THAN', '56/5208', 12.00, 12.00, 'MTR', 'FRC7', '', '34', 'NILL', 'GOE', 150, 1800.00, NULL, 0, 1, 0, 'recieve', '2020-06-04', '2020-06-04 07:38:13', 0),
(200, 72, 'P65', NULL, 65, '3', 'THAN', '56/5208', 12.00, 12.00, 'MTR', 'FRC7', '', '34', 'NILL', 'GOE', 150, 1800.00, NULL, 0, 1, 0, 'recieve', '2020-06-04', '2020-06-04 07:38:13', 0),
(201, 72, 'P66', NULL, 66, '3', 'THAN', '56/5208', 12.00, 12.00, 'MTR', 'FRC7', '', '29', 'NILL', 'GOE', 150, 1800.00, NULL, 0, 1, 0, 'recieve', '2020-06-04', '2020-06-04 07:38:13', 0),
(202, 72, 'P67', NULL, 67, '3', 'THAN', '56/5208', 12.00, 12.00, 'MTR', 'FRC7', '', '29', 'NILL', 'GOE', 150, 1800.00, NULL, 0, 1, 0, 'recieve', '2020-06-04', '2020-06-04 07:38:13', 0),
(203, 72, 'P68', NULL, 68, '3', 'THAN', '56/5208', 15.00, 15.00, 'MTR', 'FRC7', '', 'AX', 'NILL', 'GOE', 150, 2250.00, NULL, 0, 1, 0, 'recieve', '2020-06-04', '2020-06-04 07:38:13', 0),
(204, 73, 'P69', NULL, 69, '3', 'THAN', '56/5208', 12.00, 12.00, 'MTR', 'FRC8', '', '36', 'NILL', 'GOE', 150, 1800.00, NULL, 0, 1, 0, 'recieve', '2020-06-04', '2020-06-04 08:21:53', 0),
(205, 73, 'P70', NULL, 70, '3', 'THAN', '56/5208', 12.00, 12.00, 'MTR', 'FRC8', '', '35', 'NILL', 'GOE', 150, 1800.00, NULL, 0, 1, 0, 'recieve', '2020-06-04', '2020-06-04 08:21:53', 0),
(206, 73, 'P71', NULL, 71, '3', 'THAN', '56/5208', 12.00, 12.00, 'MTR', 'FRC8', '', '35', 'NILL', 'GOE', 150, 1800.00, NULL, 0, 1, 0, 'recieve', '2020-06-04', '2020-06-04 08:21:53', 0),
(207, 73, 'P72', NULL, 72, '3', 'THAN', '56/5208', 12.00, 12.00, 'MTR', 'FRC8', '', '35', 'NILL', 'GOE', 150, 1800.00, NULL, 0, 1, 0, 'recieve', '2020-06-04', '2020-06-04 08:21:53', 0),
(208, 73, 'P73', NULL, 73, '3', 'THAN', '56/5208', 12.00, 12.00, 'MTR', 'FRC8', '', '37', 'NILL', 'GOE', 150, 1800.00, NULL, 0, 1, 0, 'recieve', '2020-06-04', '2020-06-04 08:21:53', 0),
(209, 73, 'P74', NULL, 74, '3', 'THAN', '56/5208', 12.00, 12.00, 'MTR', 'FRC8', '', '37', 'NILL', 'GOE', 150, 1800.00, NULL, 0, 1, 0, 'recieve', '2020-06-04', '2020-06-04 08:21:53', 0),
(210, 73, 'P75', NULL, 75, '3', 'THAN', '56/5208', 12.00, 12.00, 'MTR', 'FRC8', '', '40', 'NILL', 'GOE', 150, 1800.00, NULL, 0, 1, 0, 'recieve', '2020-06-04', '2020-06-04 08:21:53', 0),
(211, 73, 'P76', NULL, 76, '3', 'THAN', '56/5208', 15.00, 15.00, 'MTR', 'FRC8', '', '40', 'NILL', 'GOE', 150, 2250.00, NULL, 0, 1, 0, 'recieve', '2020-06-04', '2020-06-04 08:21:53', 0),
(212, 73, 'P77', NULL, 77, '3', 'THAN', '56/5208', 12.00, 12.00, 'MTR', 'FRC8', '', '39', 'NILL', 'GOE', 150, 1800.00, NULL, 0, 1, 0, 'recieve', '2020-06-04', '2020-06-04 08:21:53', 0),
(213, 73, 'P78', NULL, 78, '3', 'THAN', '56/5208', 12.00, 12.00, 'MTR', 'FRC8', '', '39', 'NILL', 'GOE', 150, 1800.00, NULL, 0, 1, 0, 'recieve', '2020-06-04', '2020-06-04 08:21:53', 0),
(214, 73, 'P79', NULL, 79, '3', 'THAN', '56/5208', 12.00, 12.00, 'MTR', 'FRC8', '', '38', 'NILL', 'GOE', 150, 1800.00, NULL, 0, 1, 0, 'recieve', '2020-06-04', '2020-06-04 08:21:53', 0),
(215, 73, 'P80', NULL, 80, '3', 'THAN', '56/5208', 12.00, 12.00, 'MTR', 'FRC8', '', '38', 'NILL', 'GOE', 150, 1800.00, NULL, 0, 1, 0, 'recieve', '2020-06-04', '2020-06-04 08:21:53', 0),
(216, 73, 'P81', NULL, 81, '3', 'THAN', '56/5208', 12.00, 12.00, 'MTR', 'FRC8', '', '38', 'NILL', 'GOE', 150, 1800.00, NULL, 0, 1, 0, 'recieve', '2020-06-04', '2020-06-04 08:21:53', 0),
(217, 74, 'P82', NULL, 82, '3', 'THAN', '56/5208', 12.00, 12.00, 'MTR', 'FRC9', '', '9', 'NILL', 'GDR', 150, 1800.00, NULL, 0, 1, 0, 'recieve', '2020-06-04', '2020-06-04 09:00:22', 0),
(218, 74, 'P83', NULL, 83, '3', 'THAN', '56/5208', 12.00, 12.00, 'MTR', 'FRC9', '', '9', 'NILL', 'GDR', 150, 1800.00, NULL, 0, 1, 0, 'recieve', '2020-06-04', '2020-06-04 09:00:22', 0),
(219, 74, 'P84', NULL, 84, '3', 'THAN', '56/5208', 12.00, 12.00, 'MTR', 'FRC9', '', '9', 'NILL', 'GDR', 150, 1800.00, NULL, 0, 1, 0, 'recieve', '2020-06-04', '2020-06-04 09:00:22', 0),
(220, 74, 'P85', NULL, 85, '3', 'THAN', '56/5208', 12.00, 12.00, 'MTR', 'FRC9', '', '20', 'NILL', 'GDR', 150, 1800.00, NULL, 0, 1, 0, 'recieve', '2020-06-04', '2020-06-04 09:00:22', 0),
(221, 74, 'P86', NULL, 86, '3', 'THAN', '56/5208', 12.00, 12.00, 'MTR', 'FRC9', '', '20', 'NILL', 'GDR', 150, 1800.00, NULL, 0, 1, 0, 'recieve', '2020-06-04', '2020-06-04 09:00:22', 0),
(222, 74, 'P87', NULL, 87, '3', 'THAN', '56/5208', 12.00, 12.00, 'MTR', 'FRC9', '', '20', 'NILL', 'GDR', 150, 1800.00, NULL, 0, 1, 0, 'recieve', '2020-06-04', '2020-06-04 09:00:22', 0),
(223, 74, 'P88', NULL, 88, '3', 'THAN', '56/5208', 12.00, 12.00, 'MTR', 'FRC9', '', '19', 'NILL', 'GDR', 150, 1800.00, NULL, 0, 1, 0, 'recieve', '2020-06-04', '2020-06-04 09:00:22', 0),
(224, 74, 'P89', NULL, 89, '3', 'THAN', '56/5208', 12.00, 12.00, 'MTR', 'FRC9', '', '33', 'NILL', 'GOE', 150, 1800.00, NULL, 0, 1, 0, 'recieve', '2020-06-04', '2020-06-04 09:00:22', 0),
(225, 74, 'P90', NULL, 90, '3', 'THAN', '56/5208', 12.00, 12.00, 'MTR', 'FRC9', '', '33', 'NILL', 'GOE', 150, 1800.00, NULL, 0, 1, 0, 'recieve', '2020-06-04', '2020-06-04 09:00:22', 0),
(226, 74, 'P91', NULL, 91, '3', 'THAN', '56/5208', 12.00, 12.00, 'MTR', 'FRC9', '', '25', 'NILL', 'GOE', 150, 1800.00, NULL, 0, 1, 0, 'recieve', '2020-06-04', '2020-06-04 09:00:22', 0),
(227, 74, 'P92', NULL, 92, '3', 'THAN', '56/5208', 12.00, 12.00, 'MTR', 'FRC9', '', '25', 'NILL', 'GOE', 150, 1800.00, NULL, 0, 1, 0, 'recieve', '2020-06-04', '2020-06-04 09:00:22', 0),
(228, 74, 'P93', NULL, 93, '3', 'THAN', '56/5208', 12.00, 12.00, 'MTR', 'FRC9', '', '25', 'NILL', 'GOE', 150, 1800.00, NULL, 0, 1, 0, 'recieve', '2020-06-04', '2020-06-04 09:00:22', 0),
(229, 74, 'P94', NULL, 94, '3', 'THAN', '56/5208', 12.00, 12.00, 'MTR', 'FRC9', '', '25', 'NILL', 'GOE', 150, 1800.00, NULL, 0, 1, 0, 'recieve', '2020-06-04', '2020-06-04 09:00:22', 0),
(230, 74, 'P95', NULL, 95, '3', 'THAN', '56/5208', 12.00, 12.00, 'MTR', 'FRC9', '', '14', 'NILL', 'GDR', 150, 1800.00, NULL, 0, 1, 0, 'recieve', '2020-06-04', '2020-06-04 09:00:22', 0),
(231, 74, 'P96', NULL, 96, '3', 'THAN', '56/5208', 12.00, 12.00, 'MTR', 'FRC9', '', '14', 'NILL', 'GDR', 150, 1800.00, NULL, 0, 1, 0, 'recieve', '2020-06-04', '2020-06-04 09:00:22', 0),
(232, 74, 'P97', NULL, 97, '3', 'THAN', '56/5208', 12.00, 12.00, 'MTR', 'FRC9', '', '14', 'NILL', 'GDR', 150, 1800.00, NULL, 0, 1, 0, 'recieve', '2020-06-04', '2020-06-04 09:00:22', 0),
(233, 75, 'TCP1', 'P6/4', 1, '3', 'THAN', '56/5208', 3.00, 3.00, 'MTR', 'TC10', '', '12', 'NILL', 'GDR', 145, 0.00, 0.10, 0, 0, 1, 'tc', '2020-06-05', '2020-06-05 11:41:39', 0),
(234, 75, 'TCP2', 'P7/2/1', 2, '3', 'THAN', '56/5208', 3.00, 2.20, 'MTR', 'TC10', '', '10', 'NILL', 'GDR', 145, 0.00, 0.80, 0, 0, 1, 'tc', '2020-06-05', '2020-06-05 11:41:39', 0),
(235, 76, 'P98', NULL, 98, '3', 'THAN', '56/5208', 12.00, 12.00, 'MTR', 'FRC10', '', '23', 'nill', 'goe', 150, 1800.00, NULL, 0, 1, 0, 'recieve', '2020-06-08', '2020-06-08 04:50:33', 0),
(236, 77, 'P99', NULL, 99, '3', 'THAN', '56/5208', 12.00, 12.00, 'MTR', 'FRC11', '', '23', 'NILL', 'GOE', 150, 1800.00, NULL, 0, 1, 0, 'recieve', '2020-06-08', '2020-06-08 04:52:23', 0),
(237, 77, 'P100', NULL, 100, '3', 'THAN', '56/5208', 12.00, 12.00, 'MTR', 'FRC11', '', '23', 'NILL', 'GOE', 150, 1800.00, NULL, 0, 1, 0, 'recieve', '2020-06-08', '2020-06-08 04:52:23', 0),
(238, 78, 'P101', NULL, 101, '3', 'THAN', '56/5208', 12.00, 12.00, 'MTR', 'FRC12', '', '23', 'NILL', 'GOE', 150, 1800.00, NULL, 0, 1, 0, 'recieve', '2020-06-08', '2020-06-08 04:53:29', 0),
(239, 79, 'P102', NULL, 102, '3', 'THAN', '56/5208', 10.30, 10.30, 'MTR', 'FRC13', '', '23', 'NILL', 'GOE', 150, 1545.00, NULL, 0, 1, 0, 'recieve', '2020-06-08', '2020-06-08 05:11:03', 0),
(240, 79, 'P103', NULL, 103, '3', 'THAN', '56/5208', 15.00, 15.00, 'MTR', 'FRC13', '', '42', 'NILL', 'GOE', 150, 2250.00, NULL, 0, 1, 0, 'recieve', '2020-06-08', '2020-06-08 05:11:03', 0),
(241, 79, 'P104', NULL, 104, '3', 'THAN', '56/5208', 12.00, 12.00, 'MTR', 'FRC13', '', '42', 'NILL', 'GOE', 150, 1800.00, NULL, 0, 1, 0, 'recieve', '2020-06-08', '2020-06-08 05:11:03', 0),
(242, 79, 'P105', NULL, 105, '3', 'THAN', '56/5208', 12.00, 12.00, 'MTR', 'FRC13', '', '42', 'NILL', 'GOE', 150, 1800.00, NULL, 0, 1, 0, 'recieve', '2020-06-08', '2020-06-08 05:11:03', 0),
(243, 79, 'P106', NULL, 106, '3', 'THAN', '56/5208', 12.00, 12.00, 'MTR', 'FRC13', '', '41', 'NILL', 'GOE', 150, 1800.00, NULL, 0, 1, 0, 'recieve', '2020-06-08', '2020-06-08 05:11:03', 0),
(244, 79, 'P107', NULL, 107, '3', 'THAN', '56/5208', 12.00, 12.00, 'MTR', 'FRC13', '', '41', 'NILL', 'GOE', 150, 1800.00, NULL, 0, 1, 0, 'recieve', '2020-06-08', '2020-06-08 05:11:03', 0),
(245, 79, 'P108', NULL, 108, '3', 'THAN', '56/5208', 15.00, 15.00, 'MTR', 'FRC13', '', '41', 'NILL', 'GOE', 150, 2250.00, NULL, 0, 1, 0, 'recieve', '2020-06-08', '2020-06-08 05:11:03', 0),
(246, 79, 'P109', NULL, 109, '3', 'THAN', '56/5208', 12.00, 12.00, 'MTR', 'FRC13', '', '28', 'NILL', 'GOE', 150, 1800.00, NULL, 0, 1, 0, 'recieve', '2020-06-08', '2020-06-08 05:11:03', 0),
(247, 79, 'P110', NULL, 110, '3', 'THAN', '56/5208', 12.00, 12.00, 'MTR', 'FRC13', '', '28', 'NILL', 'GOE', 150, 1800.00, NULL, 0, 1, 0, 'recieve', '2020-06-08', '2020-06-08 05:11:03', 0),
(248, 79, 'P111', NULL, 111, '3', 'THAN', '56/5208', 12.00, 12.00, 'MTR', 'FRC13', '', '24', 'NILL', 'GOE', 150, 1800.00, NULL, 0, 1, 0, 'recieve', '2020-06-08', '2020-06-08 05:11:03', 0),
(249, 79, 'P112', NULL, 112, '3', 'THAN', '56/5208', 12.00, 12.00, 'MTR', 'FRC13', '', '24', 'NILL', 'GOE', 150, 1800.00, NULL, 0, 1, 0, 'recieve', '2020-06-08', '2020-06-08 05:11:03', 0),
(250, 79, 'P113', NULL, 113, '3', 'THAN', '56/5208', 12.00, 12.00, 'MTR', 'FRC13', '', '24', 'NILL', 'GOE', 150, 1800.00, NULL, 0, 1, 0, 'recieve', '2020-06-08', '2020-06-08 05:11:03', 0),
(251, 79, 'P114', NULL, 114, '3', 'THAN', '56/5208', 15.00, 15.00, 'MTR', 'FRC13', '', '24', 'NILL', 'GOE', 150, 2250.00, NULL, 0, 1, 0, 'recieve', '2020-06-08', '2020-06-08 05:11:03', 0),
(252, 79, 'P115', NULL, 115, '3', 'THAN', '56/5208', 15.00, 15.00, 'MTR', 'FRC13', '', '24', 'NILL', 'GOE', 150, 2250.00, NULL, 0, 1, 0, 'recieve', '2020-06-08', '2020-06-08 05:11:03', 0),
(253, 79, 'P116', NULL, 116, '3', 'THAN', '56/5208', 12.00, 12.00, 'MTR', 'FRC13', '', '27', 'NILL', 'GOE', 150, 1800.00, NULL, 0, 1, 0, 'recieve', '2020-06-08', '2020-06-08 05:11:03', 0),
(254, 79, 'P117', NULL, 117, '3', 'THAN', '56/5208', 12.00, 12.00, 'MTR', 'FRC13', '', '27', 'NILL', 'GOE', 150, 1800.00, NULL, 0, 1, 0, 'recieve', '2020-06-08', '2020-06-08 05:11:03', 0),
(255, 79, 'P118', NULL, 118, '3', 'THAN', '56/5208', 12.00, 12.00, 'MTR', 'FRC13', '', '27', 'NILL', 'GOE', 150, 1800.00, NULL, 0, 1, 0, 'recieve', '2020-06-08', '2020-06-08 05:11:03', 0),
(256, 79, 'P119', NULL, 119, '3', 'THAN', '56/5208', 12.00, 12.00, 'MTR', 'FRC13', '', '26', 'NILL', 'GOE', 150, 1800.00, NULL, 0, 1, 0, 'recieve', '2020-06-08', '2020-06-08 05:11:03', 0),
(257, 79, 'P120', NULL, 120, '3', 'THAN', '56/5208', 12.00, 12.00, 'MTR', 'FRC13', '', '25', 'NILL', 'GOE', 150, 1800.00, NULL, 0, 1, 0, 'recieve', '2020-06-08', '2020-06-08 05:11:03', 0),
(258, 79, 'P121', NULL, 121, '3', 'THAN', '56/5208', 15.00, 15.00, 'MTR', 'FRC13', '', '25', 'NILL', 'GOE', 150, 2250.00, NULL, 0, 1, 0, 'recieve', '2020-06-08', '2020-06-08 05:11:03', 0),
(259, 79, 'P122', NULL, 122, '3', 'THAN', '56/5208', 12.00, 12.00, 'MTR', 'FRC13', '', '29', 'NILL', 'GOE', 150, 1800.00, NULL, 0, 1, 0, 'recieve', '2020-06-08', '2020-06-08 05:11:03', 0),
(260, 79, 'P123', NULL, 123, '3', 'THAN', '56/5208', 12.00, 12.00, 'MTR', 'FRC13', '', '22', 'NILL', 'GOE', 150, 1800.00, NULL, 0, 1, 0, 'recieve', '2020-06-08', '2020-06-08 05:11:03', 0),
(261, 79, 'P124', NULL, 124, '3', 'THAN', '56/5208', 12.00, 12.00, 'MTR', 'FRC13', '', '22', 'NILL', 'GOE', 150, 1800.00, NULL, 0, 1, 0, 'recieve', '2020-06-08', '2020-06-08 05:11:03', 0),
(262, 79, 'P125', NULL, 125, '3', 'THAN', '56/5208', 12.00, 12.00, 'MTR', 'FRC13', '', '22', 'NILL', 'GOE', 150, 1800.00, NULL, 0, 1, 0, 'recieve', '2020-06-08', '2020-06-08 05:11:03', 0),
(263, 79, 'P126', NULL, 126, '3', 'THAN', '56/5208', 12.00, 12.00, 'MTR', 'FRC13', '', '22', 'NILL', 'GOE', 150, 1800.00, NULL, 0, 1, 0, 'recieve', '2020-06-08', '2020-06-08 05:11:03', 0),
(264, 79, 'P127', NULL, 127, '3', 'THAN', '56/5208', 10.40, 10.40, 'MTR', 'FRC13', '', '22', 'NILL', 'GOE', 150, 1560.00, NULL, 0, 1, 0, 'recieve', '2020-06-08', '2020-06-08 05:11:03', 0),
(265, 80, 'P128', NULL, 128, '3', 'THAN', '56/5208', 12.00, 12.00, 'MTR', 'FRC14', '', '21', 'NILL', 'GOE', 150, 1800.00, NULL, 0, 1, 0, 'recieve', '2020-06-08', '2020-06-08 06:18:35', 0),
(266, 80, 'P129', NULL, 129, '3', 'THAN', '56/5208', 12.00, 12.00, 'MTR', 'FRC14', '', '21', 'NILL', 'GOE', 150, 1800.00, NULL, 0, 1, 0, 'recieve', '2020-06-08', '2020-06-08 06:18:35', 0),
(267, 80, 'P130', NULL, 130, '3', 'THAN', '56/5208', 15.00, 15.00, 'MTR', 'FRC14', '', '21', 'NILL', 'GOE', 150, 2250.00, NULL, 0, 1, 0, 'recieve', '2020-06-08', '2020-06-08 06:18:35', 0),
(268, 80, 'P131', NULL, 131, '3', 'THAN', '56/5208', 14.10, 14.10, 'MTR', 'FRC14', '', '21', 'NILL', 'GOE', 150, 2115.00, NULL, 0, 1, 0, 'recieve', '2020-06-08', '2020-06-08 06:18:35', 0),
(269, 81, 'P132', NULL, 132, '3', 'THAN', '56/5208', 12.00, 12.00, 'MTR', 'FRC15', '', '31', 'NILL', 'GOE', 150, 1800.00, NULL, 0, 1, 0, 'recieve', '2020-06-08', '2020-06-08 06:50:54', 0),
(270, 81, 'P133', NULL, 133, '3', 'THAN', '56/5208', 12.00, 12.00, 'MTR', 'FRC15', '', '31', 'NILL', 'GOE', 150, 1800.00, NULL, 0, 1, 0, 'recieve', '2020-06-08', '2020-06-08 06:50:54', 0),
(271, 81, 'P134', NULL, 134, '3', 'THAN', '56/5208', 15.00, 15.00, 'MTR', 'FRC15', '', '42', 'NILL', 'GOE', 150, 2250.00, NULL, 0, 1, 0, 'recieve', '2020-06-08', '2020-06-08 06:50:54', 0),
(272, 81, 'P135', NULL, 135, '3', 'THAN', '56/5208', 8.00, 8.00, 'MTR', 'FRC15', '', 'BQ', 'NILL', 'GGE', 150, 1200.00, NULL, 0, 1, 0, 'recieve', '2020-06-08', '2020-06-08 06:50:54', 0),
(273, 81, 'P136', NULL, 136, '3', 'THAN', '56/5208', 12.30, 12.30, 'MTR', 'FRC15', '', 'O', 'NILL', 'GGE', 150, 1845.00, NULL, 0, 1, 0, 'recieve', '2020-06-08', '2020-06-08 06:50:54', 0),
(274, 81, 'P137', NULL, 137, '3', 'THAN', '56/5208', 12.00, 12.00, 'MTR', 'FRC15', '', 'R', 'NILL', 'GGE', 150, 1800.00, NULL, 0, 1, 0, 'recieve', '2020-06-08', '2020-06-08 06:50:54', 0),
(275, 81, 'P138', NULL, 138, '3', 'THAN', '56/5208', 7.40, 7.40, 'MTR', 'FRC15', '', 'R', 'NILL', 'GGE', 150, 1110.00, NULL, 0, 1, 0, 'recieve', '2020-06-08', '2020-06-08 06:50:54', 0),
(276, 81, 'P139', NULL, 139, '3', 'THAN', '56/5208', 11.00, 11.00, 'MTR', 'FRC15', '', 'BF', 'NILL', 'GGE', 150, 1650.00, NULL, 0, 1, 0, 'recieve', '2020-06-08', '2020-06-08 06:50:54', 0),
(277, 81, 'P140', NULL, 140, '3', 'THAN', '56/5208', 12.00, 12.00, 'MTR', 'FRC15', '', 'NATURAL', 'NILL', 'GGE', 150, 1800.00, NULL, 0, 1, 0, 'recieve', '2020-06-08', '2020-06-08 06:50:54', 0),
(278, 81, 'P141', NULL, 141, '3', 'THAN', '56/5208', 12.00, 12.00, 'MTR', 'FRC15', '', 'NATURAL', 'NILL', 'GGE', 150, 1800.00, NULL, 0, 1, 0, 'recieve', '2020-06-08', '2020-06-08 06:50:54', 0),
(279, 81, 'P142', NULL, 142, '3', 'THAN', '56/5208', 12.00, 12.00, 'MTR', 'FRC15', '', 'NATURAL', 'NILL', 'GGE', 150, 1800.00, NULL, 0, 1, 0, 'recieve', '2020-06-08', '2020-06-08 06:50:54', 0),
(280, 81, 'P143', NULL, 143, '3', 'THAN', '56/5208', 12.00, 12.00, 'MTR', 'FRC15', '', 'NATURAL', 'NILL', 'GGE', 150, 1800.00, NULL, 0, 1, 0, 'recieve', '2020-06-08', '2020-06-08 06:50:54', 0),
(281, 81, 'P144', NULL, 144, '3', 'THAN', '56/5208', 12.00, 12.00, 'MTR', 'FRC15', '', 'NATURAL', 'NILL', 'GGE', 150, 1800.00, NULL, 0, 1, 0, 'recieve', '2020-06-08', '2020-06-08 06:50:54', 0),
(282, 81, 'P145', NULL, 145, '3', 'THAN', '56/5208', 12.00, 12.00, 'MTR', 'FRC15', '', 'NATURAL', 'NILL', 'GGE', 150, 1800.00, NULL, 0, 1, 0, 'recieve', '2020-06-08', '2020-06-08 06:50:54', 0),
(283, 81, 'P146', NULL, 146, '3', 'THAN', '56/5208', 15.00, 15.00, 'MTR', 'FRC15', '', 'NATURAL', 'NILL', 'GGE', 150, 2250.00, NULL, 0, 1, 0, 'recieve', '2020-06-08', '2020-06-08 06:50:54', 0),
(284, 81, 'P147', NULL, 147, '3', 'THAN', '56/5208', 15.00, 15.00, 'MTR', 'FRC15', '', 'NATURAL', 'NILL', 'GGE', 150, 2250.00, NULL, 0, 1, 0, 'recieve', '2020-06-08', '2020-06-08 06:50:54', 0),
(285, 81, 'P148', NULL, 148, '3', 'THAN', '56/5208', 11.15, 11.15, 'MTR', 'FRC15', '', 'NATURAL', 'NILL', 'GGE', 150, 1672.50, NULL, 0, 1, 0, 'recieve', '2020-06-08', '2020-06-08 06:50:54', 0),
(286, 81, 'P149', NULL, 149, '3', 'THAN', '56/5208', 11.00, 11.00, 'MTR', 'FRC15', '', 'NATURAL', 'NILL', 'GGE', 150, 1650.00, NULL, 0, 1, 0, 'recieve', '2020-06-08', '2020-06-08 06:50:54', 0),
(287, 81, 'P150', NULL, 150, '3', 'THAN', '56/5208', 13.60, 13.60, 'MTR', 'FRC15', '', 'NATURAL', 'NILL', 'GGE', 150, 2040.00, NULL, 0, 1, 0, 'recieve', '2020-06-08', '2020-06-08 06:50:54', 0),
(288, 81, 'P151', NULL, 151, '3', 'THAN', '56/5208', 11.20, 11.20, 'MTR', 'FRC15', '', 'NATURAL', 'NILL', 'GGE', 150, 1680.00, NULL, 0, 1, 0, 'recieve', '2020-06-08', '2020-06-08 06:50:54', 0),
(289, 82, 'P152', NULL, 152, '3', 'THAN', '56/5208', 12.00, 12.00, 'MTR', 'FRC16', '', '1', 'NILL', 'GDR', 150, 1800.00, NULL, 0, 1, 0, 'recieve', '2020-06-08', '2020-06-08 07:19:54', 0),
(290, 82, 'P153', NULL, 153, '3', 'THAN', '56/5208', 8.60, 8.60, 'MTR', 'FRC16', '', '2', 'NILL', 'GDR', 150, 1290.00, NULL, 0, 1, 0, 'recieve', '2020-06-08', '2020-06-08 07:19:54', 0),
(291, 82, 'P154', NULL, 154, '3', 'THAN', '56/5208', 12.00, 12.00, 'MTR', 'FRC16', '', '2', 'NILL', 'GDR', 150, 1800.00, NULL, 0, 1, 0, 'recieve', '2020-06-08', '2020-06-08 07:19:54', 0),
(292, 82, 'P155', NULL, 155, '3', 'THAN', '56/5208', 12.00, 12.00, 'MTR', 'FRC16', '', '3', 'NILL', 'GDR', 150, 1800.00, NULL, 0, 1, 0, 'recieve', '2020-06-08', '2020-06-08 07:19:54', 0),
(293, 82, 'P156', NULL, 156, '3', 'THAN', '56/5208', 12.00, 12.00, 'MTR', 'FRC16', '', '3', 'NILL', 'GDR', 150, 1800.00, NULL, 0, 1, 0, 'recieve', '2020-06-08', '2020-06-08 07:19:54', 0),
(294, 82, 'P157', NULL, 157, '3', 'THAN', '56/5208', 6.45, 6.45, 'MTR', 'FRC16', '', '5', 'NILL', 'GDR', 150, 967.50, NULL, 0, 1, 0, 'recieve', '2020-06-08', '2020-06-08 07:19:54', 0),
(295, 82, 'P158', NULL, 158, '3', 'THAN', '56/5208', 10.30, 10.30, 'MTR', 'FRC16', '', '7', 'NILL', 'GDR', 150, 1545.00, NULL, 0, 1, 0, 'recieve', '2020-06-08', '2020-06-08 07:19:54', 0),
(296, 82, 'P159', NULL, 159, '3', 'THAN', '56/5208', 12.00, 12.00, 'MTR', 'FRC16', '', '8', 'NILL', 'GDR', 150, 1800.00, NULL, 0, 1, 0, 'recieve', '2020-06-08', '2020-06-08 07:19:54', 0),
(297, 82, 'P160', NULL, 160, '3', 'THAN', '56/5208', 12.00, 12.00, 'MTR', 'FRC16', '', '8', 'NILL', 'GDR', 150, 1800.00, NULL, 0, 1, 0, 'recieve', '2020-06-08', '2020-06-08 07:19:54', 0),
(298, 82, 'P161', NULL, 161, '3', 'THAN', '56/5208', 12.00, 12.00, 'MTR', 'FRC16', '', '8', 'NILL', 'GDR', 150, 1800.00, NULL, 0, 1, 0, 'recieve', '2020-06-08', '2020-06-08 07:19:54', 0),
(299, 82, 'P162', NULL, 162, '3', 'THAN', '56/5208', 6.30, 6.30, 'MTR', 'FRC16', '', '8', 'NILL', 'GDR', 150, 945.00, NULL, 0, 1, 0, 'recieve', '2020-06-08', '2020-06-08 07:19:54', 0),
(300, 82, 'P163', NULL, 163, '3', 'THAN', '56/5208', 6.20, 6.20, 'MTR', 'FRC16', '', '10', 'NILL', 'GDR', 150, 930.00, NULL, 0, 1, 0, 'recieve', '2020-06-08', '2020-06-08 07:19:54', 0),
(301, 82, 'P164', NULL, 164, '3', 'THAN', '56/5208', 6.80, 6.80, 'MTR', 'FRC16', '', '11', 'NILL', 'GDR', 150, 1020.00, NULL, 0, 1, 0, 'recieve', '2020-06-08', '2020-06-08 07:19:54', 0),
(302, 82, 'P165', NULL, 165, '3', 'THAN', '56/5208', 8.80, 8.80, 'MTR', 'FRC16', '', '12', 'NILL', 'GDR', 150, 1320.00, NULL, 0, 1, 0, 'recieve', '2020-06-08', '2020-06-08 07:19:54', 0),
(303, 82, 'P166', NULL, 166, '3', 'THAN', '56/5208', 12.00, 12.00, 'MTR', 'FRC16', '', '13', 'NILL', 'GDR', 150, 1800.00, NULL, 0, 1, 0, 'recieve', '2020-06-08', '2020-06-08 07:19:54', 0),
(304, 82, 'P167', NULL, 167, '3', 'THAN', '56/5208', 7.90, 7.90, 'MTR', 'FRC16', '', '13', 'NILL', 'GDR', 150, 1185.00, NULL, 0, 1, 0, 'recieve', '2020-06-08', '2020-06-08 07:19:54', 0),
(305, 82, 'P168', NULL, 168, '3', 'THAN', '56/5208', 10.25, 10.25, 'MTR', 'FRC16', '', '15', 'NILL', 'GDR', 150, 1537.50, NULL, 0, 1, 0, 'recieve', '2020-06-08', '2020-06-08 07:19:54', 0),
(306, 82, 'P169', NULL, 169, '3', 'THAN', '56/5208', 11.75, 11.75, 'MTR', 'FRC16', '', '17', 'NILL', 'GDR', 150, 1762.50, NULL, 0, 1, 0, 'recieve', '2020-06-08', '2020-06-08 07:19:54', 0),
(307, 82, 'P170', NULL, 170, '3', 'THAN', '56/5208', 12.00, 12.00, 'MTR', 'FRC16', '', '18', 'NILL', 'GDR', 150, 1800.00, NULL, 0, 1, 0, 'recieve', '2020-06-08', '2020-06-08 07:19:54', 0),
(308, 82, 'P171', NULL, 171, '3', 'THAN', '56/5208', 12.00, 12.00, 'MTR', 'FRC16', '', '18', 'NILL', 'GDR', 150, 1800.00, NULL, 0, 1, 0, 'recieve', '2020-06-08', '2020-06-08 07:19:54', 0),
(309, 82, 'P172', NULL, 172, '3', 'THAN', '56/5208', 10.70, 10.70, 'MTR', 'FRC16', '', '20', 'NILL', 'GDR', 150, 1605.00, NULL, 0, 1, 0, 'recieve', '2020-06-08', '2020-06-08 07:19:54', 0),
(310, 82, 'P173', NULL, 173, '3', 'THAN', '56/5208', 15.75, 15.75, 'MTR', 'FRC16', '', '6', 'NILL', 'GDR', 150, 2362.50, NULL, 0, 1, 0, 'recieve', '2020-06-08', '2020-06-08 07:19:54', 0),
(311, 83, 'RETP1', 'P1', 1, '15', 'THAN', '55/5007/', 12.00, 12.00, 'MTR', 'RET1', '', NULL, 'NILL', 'LRR', 330, 3960.00, NULL, 0, 0, 0, 'return', '2020-06-10', '2020-06-10 04:55:30', 0),
(312, 83, 'RETP2', 'P2', 2, '15', 'THAN', '55/5007/', 16.50, 16.50, 'MTR', 'RET1', '', NULL, 'NILL', 'LRR', 330, 5445.00, NULL, 0, 0, 0, 'return', '2020-06-10', '2020-06-10 04:55:30', 0),
(313, 83, 'RETP3', 'P3', 3, '15', 'THAN', '55/5007/', 16.00, 16.00, 'MTR', 'RET1', '', NULL, 'NILL', 'LRR', 330, 5280.00, NULL, 0, 0, 0, 'return', '2020-06-10', '2020-06-10 04:55:30', 0),
(314, 84, 'P174', NULL, 174, '29', 'SAREE', '16/5208', 16.00, 16.00, 'PCS', 'FRC17', '', '8', '8', '125', 125, 2000.00, NULL, 0, 1, 0, 'recieve', '2020-06-11', '2020-06-11 09:08:37', 0),
(315, 84, 'P175', NULL, 175, '26', 'SAREE', '12/5007', 15.00, 15.00, 'PCS', 'FRC17', '', '8', '8', '125', 125, 1875.00, NULL, 0, 1, 0, 'recieve', '2020-06-11', '2020-06-11 09:08:37', 0);

-- --------------------------------------------------------

--
-- Table structure for table `fda_table`
--

DROP TABLE IF EXISTS `fda_table`;
CREATE TABLE IF NOT EXISTS `fda_table` (
  `id` int(11) NOT NULL AUTO_INCREMENT,
  `fabric_name` varchar(64) NOT NULL,
  `fabric_type` varchar(62) DEFAULT NULL,
  `design_id` int(11) NOT NULL,
  `status` int(11) NOT NULL DEFAULT '1',
  `deleted` int(11) NOT NULL DEFAULT '0',
  `asign_date` timestamp NOT NULL DEFAULT CURRENT_TIMESTAMP,
  PRIMARY KEY (`id`)
) ENGINE=InnoDB AUTO_INCREMENT=95 DEFAULT CHARSET=latin1;

--
-- Dumping data for table `fda_table`
--

INSERT INTO `fda_table` (`id`, `fabric_name`, `fabric_type`, `design_id`, `status`, `deleted`, `asign_date`) VALUES
(75, '315', 'SAREE', 65, 1, 0, '2020-04-03 18:14:04'),
(76, '111/02', 'SUIT', 64, 1, 0, '2020-04-03 18:53:56'),
(77, '315', 'SAREE', 70, 1, 0, '2020-04-03 18:55:25'),
(80, '131/05', 'cotton', 68, 1, 0, '2020-04-03 19:09:47'),
(81, '101/02', 'THAN', 62, 1, 0, '2020-04-03 20:37:53'),
(82, '101/02', 'THAN', 63, 1, 0, '2020-04-03 20:37:53'),
(83, '101/02', 'THAN', 70, 1, 0, '2020-04-05 01:28:41'),
(84, '101/02', 'THAN', 71, 1, 0, '2020-04-05 01:28:41'),
(85, '101/02', 'THAN', 72, 1, 0, '2020-04-05 01:28:41'),
(86, '101/02', 'THAN', 73, 1, 0, '2020-04-05 01:28:41'),
(88, '111/02 PRT', 'THAN', 75, 1, 0, '2020-04-05 01:29:21'),
(89, '111/02 PRT', 'THAN', 76, 1, 0, '2020-04-05 01:29:21'),
(90, '111/02 PRT', 'THAN', 77, 1, 0, '2020-04-05 01:29:21'),
(91, '111/02 PRT', 'THAN', 79, 1, 0, '2020-04-05 01:29:21'),
(92, '111/02 PRT', 'THAN', 80, 1, 0, '2020-04-05 01:29:21'),
(93, '131/05', 'THAN', 85, 1, 0, '2020-04-16 06:50:54'),
(94, '131/05', 'THAN', 84, 1, 0, '2020-04-16 06:50:54');

-- --------------------------------------------------------

--
-- Table structure for table `hsn`
--

DROP TABLE IF EXISTS `hsn`;
CREATE TABLE IF NOT EXISTS `hsn` (
  `id` int(11) NOT NULL AUTO_INCREMENT,
  `hsn_code` varchar(10) NOT NULL,
  `unit` varchar(5) NOT NULL,
  PRIMARY KEY (`id`)
) ENGINE=InnoDB AUTO_INCREMENT=26 DEFAULT CHARSET=latin1;

--
-- Dumping data for table `hsn`
--

INSERT INTO `hsn` (`id`, `hsn_code`, `unit`) VALUES
(3, '55/5007/', 'MTR'),
(9, '51/5007', 'MTR'),
(10, '52/5007', 'MTR'),
(11, '53/5007', 'MTR'),
(12, '54/5007', 'MTR'),
(13, '56/5208', 'MTR'),
(14, '31/5007', 'PCS'),
(15, '32/5007', 'PCS'),
(16, '33/5007', 'PCS'),
(17, '34/5007', 'PCS'),
(18, '35/5007', 'PCS'),
(19, '36/5208', 'PCS'),
(20, '11/5007', 'PCS'),
(21, '12/5007', 'PCS'),
(22, '13/5007', 'PCS'),
(23, '14/5007', 'PCS'),
(24, '15/5007', 'PCS'),
(25, '16/5208', 'PCS');

-- --------------------------------------------------------

--
-- Table structure for table `jobtypeconstant`
--

DROP TABLE IF EXISTS `jobtypeconstant`;
CREATE TABLE IF NOT EXISTS `jobtypeconstant` (
  `id` int(11) NOT NULL AUTO_INCREMENT,
  `unit` varchar(32) DEFAULT NULL,
  `jobId` int(11) NOT NULL,
  `job` varchar(255) NOT NULL,
  `rate` int(11) NOT NULL,
  PRIMARY KEY (`id`)
) ENGINE=MyISAM AUTO_INCREMENT=62 DEFAULT CHARSET=latin1;

--
-- Dumping data for table `jobtypeconstant`
--

INSERT INTO `jobtypeconstant` (`id`, `unit`, `jobId`, `job`, `rate`) VALUES
(49, '2', 109, 'DUPATTA', 10),
(42, '1', 109, 'THAN(D)', 12),
(38, '1', 106, 'Tub dye', 10),
(39, '2', 106, 'Jigar dye', 15),
(43, '1', 109, 'THAN(S)', 6),
(47, '2', 109, 'SHIIRT(FULL)', 10),
(46, '2', 109, 'SAREE(HALF)', 8),
(45, '2', 109, 'SAREE(FILL)', 15),
(44, '1', 109, 'THAN(M)', 8),
(48, '2', 109, 'SHIRT(HALF)', 5);

-- --------------------------------------------------------

--
-- Table structure for table `jobtypepercent`
--

DROP TABLE IF EXISTS `jobtypepercent`;
CREATE TABLE IF NOT EXISTS `jobtypepercent` (
  `id` int(11) NOT NULL AUTO_INCREMENT,
  `symbol` enum('+','-') NOT NULL,
  `jobId` int(11) NOT NULL,
  `job` varchar(255) NOT NULL,
  `rate` int(11) NOT NULL,
  PRIMARY KEY (`id`)
) ENGINE=MyISAM DEFAULT CHARSET=latin1;

-- --------------------------------------------------------

--
-- Table structure for table `job_work_party`
--

DROP TABLE IF EXISTS `job_work_party`;
CREATE TABLE IF NOT EXISTS `job_work_party` (
  `id` int(11) NOT NULL AUTO_INCREMENT,
  `name` varchar(25) DEFAULT NULL,
  `phone_no` bigint(10) NOT NULL,
  `gst` varchar(20) NOT NULL,
  `deptName` varchar(20) NOT NULL,
  `subDeptName` varchar(20) NOT NULL,
  `job_work_type` varchar(62) DEFAULT NULL,
  `address` varchar(70) NOT NULL,
  PRIMARY KEY (`id`)
) ENGINE=InnoDB AUTO_INCREMENT=18 DEFAULT CHARSET=latin1;

--
-- Dumping data for table `job_work_party`
--

INSERT INTO `job_work_party` (`id`, `name`, `phone_no`, `gst`, `deptName`, `subDeptName`, `job_work_type`, `address`) VALUES
(5, 'S.S EMBROIDERY', 9838532613, 'URD', 'PRODUCTION(EMB)', 'S.S EMB', 'EMB work', 'MADANPURA \r\nVARANASI'),
(6, 'MD ANAS', 7985262380, 'URD', 'DYEING', 'MD ANAS', 'Dye', 'CHHOTI PATIYA \r\nVARANASI'),
(12, 'SRISHTI CREATION', 0, '09AEKPK0003K1ZP', 'PRODUCTION(EMB)', 'S.C CREATION ', 'EMB work', 'PLOT NO- E-70 INDUSTRIAL AREA \r\nRAMNAGAR PHASE -2 \r\nUTTAR PRADESH'),
(13, 'RAMESH DUBEY', 9839203007, 'URD', 'PRODUCTION(EMB)', 'S.C CREATION ', 'EMB work', 'PLOT NO-E-70 INDUSTRIAL ESTATE\r\nRAMNAGAR PHASE -2'),
(14, 'SHUBHKAMANA REAL TECH LLP', 5422373444, '09AADHFS5595G1ZH', 'PRODUCTION(EMB)', 'subDept', 'EMB work', 'B1, B2, E1, E2 INDUSTRIAL SATATE\r\nMAHESHPUR CHANDPUR\r\nVARANASI 221106\r'),
(15, 'SHREE NIKETAN APPARELS LI', 5412297166, '09AAGCS5678D1Z0', 'PRODUCTION(EMB)', 'SNA CHANDAULI', 'EMB work', 'PLOT NO- B-25, INDUSTRIAL AREA\r\nRAMNAGAR PHASE-2\r\nCHANDAULI 232101'),
(16, 'PUSPANJALI SAREE PVT. LTD', 0, '09AACCP6623R2ZQ', 'PRODUCTION(EMB)', 'PSPL CHANDAULI', 'EMB work', 'PLOT N0- B-23 INDUSTRIAL AREA \r\nRAMNAGAR PHASE -2 CHANDAULI\r\n232101'),
(17, 'TAMANA', 0, 'URD', 'DYEING', 'TAMANNA', 'Dye', 'BHELUPUR ');

-- --------------------------------------------------------

--
-- Table structure for table `job_work_type`
--

DROP TABLE IF EXISTS `job_work_type`;
CREATE TABLE IF NOT EXISTS `job_work_type` (
  `id` int(11) NOT NULL AUTO_INCREMENT,
  `type` varchar(255) NOT NULL,
  `created` timestamp NOT NULL DEFAULT CURRENT_TIMESTAMP,
  `deleted` tinyint(1) NOT NULL DEFAULT '0',
  PRIMARY KEY (`id`)
) ENGINE=MyISAM AUTO_INCREMENT=118 DEFAULT CHARSET=latin1;

--
-- Dumping data for table `job_work_type`
--

INSERT INTO `job_work_type` (`id`, `type`, `created`, `deleted`) VALUES
(107, 'EMB work', '2020-04-05 03:40:29', 0),
(108, 'RAFFU WORK', '2020-04-05 03:40:29', 0),
(109, 'THREAD CUTTING', '2020-04-05 03:40:29', 0),
(110, 'LATKAN', '2020-04-05 03:40:29', 0),
(117, 'AA', '2020-04-05 10:35:31', 0),
(116, 'AA', '2020-04-05 04:22:52', 0),
(115, 'A1', '2020-04-05 04:07:46', 0),
(114, 'B', '2020-04-05 03:48:54', 0),
(113, 'A', '2020-04-05 03:47:15', 0);

-- --------------------------------------------------------

--
-- Table structure for table `mamber_types`
--

DROP TABLE IF EXISTS `mamber_types`;
CREATE TABLE IF NOT EXISTS `mamber_types` (
  `id` int(6) NOT NULL AUTO_INCREMENT,
  `label` varchar(32) NOT NULL,
  `code` varchar(32) NOT NULL,
  PRIMARY KEY (`id`)
) ENGINE=InnoDB AUTO_INCREMENT=202 DEFAULT CHARSET=utf8mb4;

--
-- Dumping data for table `mamber_types`
--

INSERT INTO `mamber_types` (`id`, `label`, `code`) VALUES
(201, 'student', '5050');

-- --------------------------------------------------------

--
-- Table structure for table `mobile_confige`
--

DROP TABLE IF EXISTS `mobile_confige`;
CREATE TABLE IF NOT EXISTS `mobile_confige` (
  `id` int(11) NOT NULL AUTO_INCREMENT,
  `mobile` varchar(12) NOT NULL,
  `code` varchar(6) NOT NULL,
  `created_date` timestamp NOT NULL DEFAULT CURRENT_TIMESTAMP,
  PRIMARY KEY (`id`)
) ENGINE=InnoDB AUTO_INCREMENT=24 DEFAULT CHARSET=latin1;

--
-- Dumping data for table `mobile_confige`
--

INSERT INTO `mobile_confige` (`id`, `mobile`, `code`, `created_date`) VALUES
(1, '3629478234', '100129', '2019-10-31 11:31:23'),
(2, '34853578', '271673', '2019-10-31 13:18:33'),
(3, '348535783343', '213976', '2019-10-31 13:19:57'),
(4, '348535894564', '364008', '2019-10-31 13:35:16'),
(5, '79485764958', '577181', '2019-10-31 13:36:04'),
(6, '563456546', '482803', '2019-10-31 13:42:52'),
(7, '456567567', '813035', '2019-10-31 13:45:44'),
(8, '345567567', '938461', '2019-10-31 13:52:56'),
(9, '790345123', '821797', '2019-11-01 07:19:14'),
(10, '4785847678', '539590', '2019-11-01 08:55:35'),
(11, '45656765435', '339006', '2019-11-01 10:11:41'),
(12, '790500439111', '312892', '2019-11-05 10:17:59'),
(13, '45656768', '263324', '2019-11-05 12:45:20'),
(14, '767879823544', '788582', '2019-11-05 15:35:25'),
(15, '356567678', '753026', '2019-11-05 16:31:40'),
(16, '356567678676', '379955', '2019-11-05 16:38:23'),
(17, '9935775544', '544824', '2019-11-05 17:03:06'),
(18, 'hdfhdhd', '643913', '2019-11-06 08:39:19'),
(19, '75767', '761815', '2019-11-06 08:39:45'),
(20, '999999999', '669080', '2019-11-06 15:43:09'),
(21, '7007605810', '283851', '2019-11-11 10:04:21'),
(22, '87766666686', '384429', '2019-11-11 10:05:23'),
(23, '423423423423', '366908', '2019-11-19 09:38:54');

-- --------------------------------------------------------

--
-- Table structure for table `orders`
--

DROP TABLE IF EXISTS `orders`;
CREATE TABLE IF NOT EXISTS `orders` (
  `id` int(6) NOT NULL AUTO_INCREMENT,
  `customer_order_id` int(8) NOT NULL,
  `product_id` int(8) NOT NULL,
  `price` int(7) NOT NULL,
  `order_date` date NOT NULL,
  `status` text NOT NULL,
  `quantity` int(4) NOT NULL,
  PRIMARY KEY (`id`)
) ENGINE=MyISAM AUTO_INCREMENT=5 DEFAULT CHARSET=utf8;

--
-- Dumping data for table `orders`
--

INSERT INTO `orders` (`id`, `customer_order_id`, `product_id`, `price`, `order_date`, `status`, `quantity`) VALUES
(2, 23, 4, 10500, '2020-01-28', 'Processing', 3),
(3, 24, 6, 8200, '2020-01-28', 'Completed', 2),
(4, 25, 7, 8700, '2020-01-28', 'pending', 3);

-- --------------------------------------------------------

--
-- Table structure for table `order_cancel_cause`
--

DROP TABLE IF EXISTS `order_cancel_cause`;
CREATE TABLE IF NOT EXISTS `order_cancel_cause` (
  `id` int(11) NOT NULL AUTO_INCREMENT,
  `order_id` varchar(32) NOT NULL,
  `cause` text NOT NULL,
  `date` date NOT NULL,
  PRIMARY KEY (`id`)
) ENGINE=MyISAM AUTO_INCREMENT=6 DEFAULT CHARSET=utf8;

--
-- Dumping data for table `order_cancel_cause`
--

INSERT INTO `order_cancel_cause` (`id`, `order_id`, `cause`, `date`) VALUES
(1, 'O4', '2', '2020-04-28'),
(2, 'O11', '2', '2020-04-28'),
(3, 'O6', '3', '2020-04-28'),
(4, 'O10', '3', '2020-04-28'),
(5, 'O8', '4', '2020-05-30');

-- --------------------------------------------------------

--
-- Stand-in structure for view `order_flow_chart`
-- (See below for the actual view)
--
DROP VIEW IF EXISTS `order_flow_chart`;
CREATE TABLE IF NOT EXISTS `order_flow_chart` (
`order_date` date
,`order_number` varchar(20)
,`total` bigint(21)
,`inprocess` bigint(21)
,`pending` bigint(21)
,`cancel` bigint(21)
);

-- --------------------------------------------------------

--
-- Table structure for table `order_product`
--

DROP TABLE IF EXISTS `order_product`;
CREATE TABLE IF NOT EXISTS `order_product` (
  `id` int(11) NOT NULL AUTO_INCREMENT,
  `product_order_id` varchar(64) NOT NULL,
  `order_id` varchar(32) NOT NULL,
  `series_number` varchar(20) NOT NULL,
  `design_barcode` varchar(30) NOT NULL,
  `unit` varchar(20) NOT NULL,
  `quantity` int(11) NOT NULL,
  `priority` varchar(50) NOT NULL,
  `order_barcode` varchar(30) NOT NULL,
  `remark` varchar(20) NOT NULL,
  `image` text,
  `design_code` varchar(50) NOT NULL,
  `fabric_name` varchar(30) NOT NULL,
  `hsn` varchar(30) NOT NULL,
  `design_name` varchar(30) NOT NULL,
  `stitch` varchar(30) NOT NULL,
  `dye` varchar(30) NOT NULL,
  `matching` varchar(30) NOT NULL,
  `status` enum('PENDING','CANCEL','INPROCESS','DONE') NOT NULL DEFAULT 'PENDING',
  `last_update` timestamp NOT NULL DEFAULT CURRENT_TIMESTAMP,
  `deleted` tinyint(1) NOT NULL DEFAULT '0',
  PRIMARY KEY (`id`),
  UNIQUE KEY `product_order_id` (`product_order_id`)
) ENGINE=InnoDB AUTO_INCREMENT=12 DEFAULT CHARSET=latin1;

--
-- Dumping data for table `order_product`
--

INSERT INTO `order_product` (`id`, `product_order_id`, `order_id`, `series_number`, `design_barcode`, `unit`, `quantity`, `priority`, `order_barcode`, `remark`, `image`, `design_code`, `fabric_name`, `hsn`, `design_name`, `stitch`, `dye`, `matching`, `status`, `last_update`, `deleted`) VALUES
(2, 'O2', '58', '2', '', 'ddffg', 98, 'dfggdfg', '123', 'df', NULL, 'dsdf', '12231', 'ery', 'sdas', 'gdf', '', 'dfghgfhgh', 'PENDING', '2020-04-07 12:00:11', 0),
(3, 'O3', '58', '1', '', '', 0, '', '', '', NULL, '', '', '', '', '', '', '', 'CANCEL', '2020-04-07 12:00:11', 0),
(5, 'O4', '62', '1', '', '', 0, '', '', '', NULL, '', '', '', '', '', '', '', 'CANCEL', '2020-04-07 12:00:11', 0),
(6, 'O6', '62', '1', '', 'kj', 0, 'kj', 'kj', 'kjkj', NULL, 'kjk', 'jk', 'kj', 'kj', 'jkj', 'kj', 'kj', 'CANCEL', '2020-04-07 12:00:11', 0),
(7, 'O7', '63', '1', '', '123', 123, '123', '123', '123', NULL, '123', '12345', '123', '123', '123', '123', '123', 'DONE', '2020-04-11 09:53:12', 0),
(8, 'O8', '63', '2', '', '234', 4345, '345', '234', '234', NULL, '234', 'qwe', 'qwe', 'qw', '234', '234', '23', 'CANCEL', '2020-04-11 09:53:12', 0),
(9, 'O9', '63', '3', '', '45', 345, '345', '345', '345', NULL, '345', '345', '345', '345', '345', '3', '345', 'DONE', '2020-04-11 09:53:12', 0),
(10, 'O10', '63', '4', '', 'tet', 0, 'et', 'ert', 'ert', NULL, 'ert', 'etert', 'ert', 'ert', 'ert', 'ert', 'er', 'CANCEL', '2020-04-11 09:53:12', 0),
(11, 'O11', '63', '1', '', '', 0, '', '', '', NULL, '', '', '', '', '', '', '', 'CANCEL', '2020-04-11 09:53:12', 0);

-- --------------------------------------------------------

--
-- Table structure for table `order_table`
--

DROP TABLE IF EXISTS `order_table`;
CREATE TABLE IF NOT EXISTS `order_table` (
  `order_id` int(11) NOT NULL AUTO_INCREMENT,
  `order_number` varchar(20) NOT NULL,
  `old_order_number` varchar(20) DEFAULT NULL,
  `customer_name` varchar(30) NOT NULL,
  `data_category` varchar(32) NOT NULL,
  `session` varchar(32) NOT NULL,
  `order_type` varchar(20) NOT NULL,
  `order_date` date NOT NULL,
  `deleted` tinyint(1) NOT NULL DEFAULT '0',
  `updated_at` timestamp NOT NULL DEFAULT CURRENT_TIMESTAMP,
  `status` enum('NEW','DONE','CANCEL','IN-PROCESS') NOT NULL DEFAULT 'NEW',
  PRIMARY KEY (`order_id`),
  UNIQUE KEY `order_number` (`order_number`)
) ENGINE=InnoDB AUTO_INCREMENT=64 DEFAULT CHARSET=latin1;

--
-- Dumping data for table `order_table`
--

INSERT INTO `order_table` (`order_id`, `order_number`, `old_order_number`, `customer_name`, `data_category`, `session`, `order_type`, `order_date`, `deleted`, `updated_at`, `status`) VALUES
(54, 'ORD10084', NULL, 'Chanadrkanta', '3', '20', '2', '2020-04-05', 0, '2020-04-05 19:15:44', 'NEW'),
(55, '', NULL, '', '3', '20', '1', '2020-04-06', 0, '2020-04-06 08:34:22', 'NEW'),
(56, 'ORD100002', NULL, 'Hello world', '3', '15', '1', '2020-04-06', 0, '2020-04-06 08:46:15', 'NEW'),
(58, 'ORD10085', NULL, 'Hello WORLD', '3', '20', '1', '2020-04-06', 0, '2020-04-06 09:01:01', 'NEW'),
(59, 'ORD10086', NULL, 'PRM', '3', '20', '2', '2020-04-06', 0, '2020-04-06 09:03:23', 'NEW'),
(62, 'ORD10087', NULL, 'JHkajs', '3', '20', '2', '2020-04-06', 0, '2020-04-06 09:04:55', 'NEW'),
(63, 'ORD10088', NULL, 'Hanuman', '4', '15', '1', '2020-04-11', 0, '2020-04-11 09:53:12', 'NEW');

-- --------------------------------------------------------

--
-- Table structure for table `order_tb`
--

DROP TABLE IF EXISTS `order_tb`;
CREATE TABLE IF NOT EXISTS `order_tb` (
  `id` int(11) NOT NULL,
  `parent_id` int(11) DEFAULT NULL,
  `obc` varchar(50) DEFAULT NULL,
  `serial_number` varchar(50) DEFAULT NULL,
  `fabric_name` varchar(50) DEFAULT NULL,
  `hsn` varchar(50) DEFAULT NULL,
  `order_number` varchar(50) DEFAULT NULL,
  `customer_name` varchar(50) DEFAULT NULL,
  `dbc` varchar(50) DEFAULT NULL,
  `design_name` varchar(50) DEFAULT NULL,
  `design_code` varchar(50) DEFAULT NULL,
  `stitch` varchar(50) DEFAULT NULL,
  `dye` varchar(50) DEFAULT NULL,
  `matching` varchar(50) DEFAULT NULL,
  `remark` varchar(50) DEFAULT NULL,
  `quantity` varchar(20) DEFAULT NULL,
  `unit` varchar(20) DEFAULT NULL,
  `order_barcode` varchar(50) DEFAULT NULL,
  `priority` enum('high','low') DEFAULT NULL,
  `created_at` date DEFAULT NULL,
  `update_at` date DEFAULT NULL,
  `order_type` varchar(20) DEFAULT NULL
) ENGINE=InnoDB DEFAULT CHARSET=latin1;

--
-- Dumping data for table `order_tb`
--

INSERT INTO `order_tb` (`id`, `parent_id`, `obc`, `serial_number`, `fabric_name`, `hsn`, `order_number`, `customer_name`, `dbc`, `design_name`, `design_code`, `stitch`, `dye`, `matching`, `remark`, `quantity`, `unit`, `order_barcode`, `priority`, `created_at`, `update_at`, `order_type`) VALUES
(1, NULL, '4', '1234', '101/02', '1005', '1001', 'arti', '12334', 'TH 11', '1234', '154789', '24', '120, 115LND', '10', '2', '3000', '2345', 'low', '2020-02-10', '2020-02-10', 'FRESH');

-- --------------------------------------------------------

--
-- Table structure for table `order_type`
--

DROP TABLE IF EXISTS `order_type`;
CREATE TABLE IF NOT EXISTS `order_type` (
  `id` int(11) NOT NULL AUTO_INCREMENT,
  `orderType` varchar(20) DEFAULT NULL,
  PRIMARY KEY (`id`)
) ENGINE=InnoDB AUTO_INCREMENT=3 DEFAULT CHARSET=latin1;

--
-- Dumping data for table `order_type`
--

INSERT INTO `order_type` (`id`, `orderType`) VALUES
(1, 'FRESH'),
(2, 'PRM');

-- --------------------------------------------------------

--
-- Table structure for table `permissions`
--

DROP TABLE IF EXISTS `permissions`;
CREATE TABLE IF NOT EXISTS `permissions` (
  `id` int(11) NOT NULL AUTO_INCREMENT,
  `name` varchar(100) DEFAULT NULL,
  `display_name` varchar(100) DEFAULT NULL,
  `description` tinytext,
  `status` tinyint(1) DEFAULT '1',
  `created_at` timestamp NULL DEFAULT NULL,
  `updated_at` timestamp NULL DEFAULT CURRENT_TIMESTAMP,
  `deleted_at` timestamp NULL DEFAULT NULL,
  `deleted` tinyint(1) NOT NULL DEFAULT '0',
  PRIMARY KEY (`id`),
  UNIQUE KEY `name` (`name`)
) ENGINE=InnoDB AUTO_INCREMENT=4 DEFAULT CHARSET=latin1;

--
-- Dumping data for table `permissions`
--

INSERT INTO `permissions` (`id`, `name`, `display_name`, `description`, `status`, `created_at`, `updated_at`, `deleted_at`, `deleted`) VALUES
(1, 'edit', 'Edit', 'Edit Permissions', 1, '2020-04-09 12:47:34', '2020-04-09 12:17:34', NULL, 0),
(2, 'add', 'Add', 'add permissions', 1, '2020-04-09 12:52:14', '2020-04-09 12:22:14', NULL, 0),
(3, 'delete', 'Delete', 'Delete Permissions', 1, '2020-04-09 12:58:25', '2020-04-09 12:28:25', NULL, 0);

-- --------------------------------------------------------

--
-- Table structure for table `permission_roles`
--

DROP TABLE IF EXISTS `permission_roles`;
CREATE TABLE IF NOT EXISTS `permission_roles` (
  `role_id` int(11) NOT NULL,
  `permission_id` int(11) NOT NULL,
  PRIMARY KEY (`role_id`,`permission_id`)
) ENGINE=InnoDB DEFAULT CHARSET=latin1;

--
-- Dumping data for table `permission_roles`
--

INSERT INTO `permission_roles` (`role_id`, `permission_id`) VALUES
(1, 1),
(1, 2),
(2, 1),
(2, 2),
(4, 1),
(4, 2),
(4, 3);

-- --------------------------------------------------------

--
-- Table structure for table `roles`
--

DROP TABLE IF EXISTS `roles`;
CREATE TABLE IF NOT EXISTS `roles` (
  `id` smallint(5) UNSIGNED NOT NULL AUTO_INCREMENT,
  `name` varchar(200) NOT NULL,
  `display_name` varchar(30) DEFAULT NULL,
  `description` varchar(500) DEFAULT NULL,
  `status` tinyint(1) DEFAULT '1',
  `created_at` timestamp NULL DEFAULT NULL,
  `updated_at` timestamp NULL DEFAULT NULL,
  `deleted_at` timestamp NULL DEFAULT NULL,
  `deleted` tinyint(1) NOT NULL DEFAULT '0',
  PRIMARY KEY (`id`),
  UNIQUE KEY `UK_user_roles_role_Name` (`name`)
) ENGINE=InnoDB AUTO_INCREMENT=5 DEFAULT CHARSET=latin1 CHECKSUM=1 DELAY_KEY_WRITE=1 ROW_FORMAT=DYNAMIC;

--
-- Dumping data for table `roles`
--

INSERT INTO `roles` (`id`, `name`, `display_name`, `description`, `status`, `created_at`, `updated_at`, `deleted_at`, `deleted`) VALUES
(1, 'admin', 'admin', 'admin', 1, NULL, NULL, NULL, 0),
(2, 'manager', 'Manager', 'Hello World', 1, '2020-04-09 12:33:26', NULL, NULL, 0),
(4, 'master', 'Master', 'Access Master', 1, '2020-04-09 12:54:35', NULL, NULL, 0);

-- --------------------------------------------------------

--
-- Table structure for table `roles_users`
--

DROP TABLE IF EXISTS `roles_users`;
CREATE TABLE IF NOT EXISTS `roles_users` (
  `user_id` int(11) NOT NULL,
  `role_id` int(11) NOT NULL,
  PRIMARY KEY (`user_id`,`role_id`)
) ENGINE=InnoDB DEFAULT CHARSET=latin1;

--
-- Dumping data for table `roles_users`
--

INSERT INTO `roles_users` (`user_id`, `role_id`) VALUES
(1, 1),
(2, 4),
(3, 2);

-- --------------------------------------------------------

--
-- Table structure for table `session`
--

DROP TABLE IF EXISTS `session`;
CREATE TABLE IF NOT EXISTS `session` (
  `id` int(11) NOT NULL AUTO_INCREMENT,
  `financial_year` varchar(10) DEFAULT NULL,
  PRIMARY KEY (`id`)
) ENGINE=InnoDB AUTO_INCREMENT=22 DEFAULT CHARSET=latin1;

--
-- Dumping data for table `session`
--

INSERT INTO `session` (`id`, `financial_year`) VALUES
(15, '2019-20'),
(20, '2020-21'),
(21, '2021-22');

-- --------------------------------------------------------

--
-- Table structure for table `settings`
--

DROP TABLE IF EXISTS `settings`;
CREATE TABLE IF NOT EXISTS `settings` (
  `settings_id` int(11) NOT NULL AUTO_INCREMENT,
  `type` longtext CHARACTER SET utf8 COLLATE utf8_unicode_ci NOT NULL,
  `description` longtext CHARACTER SET utf8 COLLATE utf8_unicode_ci NOT NULL,
  PRIMARY KEY (`settings_id`)
) ENGINE=MyISAM AUTO_INCREMENT=68 DEFAULT CHARSET=latin1;

--
-- Dumping data for table `settings`
--

INSERT INTO `settings` (`settings_id`, `type`, `description`) VALUES
(1, 'system_name', 'SHREE ERP'),
(2, 'system_title', 'ERP');

-- --------------------------------------------------------

--
-- Table structure for table `src`
--

DROP TABLE IF EXISTS `src`;
CREATE TABLE IF NOT EXISTS `src` (
  `id` int(11) NOT NULL AUTO_INCREMENT,
  `fabName` varchar(255) NOT NULL,
  `purchase` double NOT NULL,
  `fabCode` varchar(255) NOT NULL,
  `sale_rate` double NOT NULL,
  `created_at` varchar(62) DEFAULT NULL,
  `updated_at` varchar(50) DEFAULT NULL,
  PRIMARY KEY (`id`)
) ENGINE=MyISAM AUTO_INCREMENT=39 DEFAULT CHARSET=latin1;

--
-- Dumping data for table `src`
--

INSERT INTO `src` (`id`, `fabName`, `purchase`, `fabCode`, `sale_rate`, `created_at`, `updated_at`) VALUES
(14, '401/VELVET', 220, 'AP', 900, '2020-06-05 11:31:45', '2020-06-05 11:31:45'),
(19, '101/02', 145, 'AS', 0, '2020-03-27 13:47:20', '2020-03-27 13:47:20'),
(20, '107 B-2', 115, 'H', 395, '2020-04-02 13:34:23', '2020-04-02 13:34:23'),
(21, '101/02 PRT', 290, '', 0, '2020-04-02 09:13:00', '2020-04-02 09:13:00'),
(22, '111/02', 0, '', 0, '2020-04-02 09:14:47', '2020-04-02 09:14:47'),
(23, '111/04', 0, '', 0, '2020-04-02 09:14:59', '2020-04-02 09:14:59'),
(24, '111/04 PRT', 0, '', 0, '2020-04-02 09:15:07', '2020-04-02 09:15:07'),
(18, '131/05', 355, 'AY', 0, '2020-03-27 13:46:43', '2020-03-27 13:46:43'),
(17, '131/05', 355, '', 1000, '2020-04-02 09:41:25', '2020-04-02 09:41:25'),
(25, '111/04 T', 0, '', 0, '2020-04-02 09:15:18', '2020-04-02 09:15:18'),
(26, '111/02 PRT', 0, '', 0, '2020-04-02 09:15:29', '2020-04-02 09:15:29'),
(27, '111/08', 0, '', 0, '2020-04-02 09:15:37', '2020-04-02 09:15:37'),
(28, '107 B-2', 115, 'C', 265, '2020-04-02 13:17:28', '2020-04-02 13:17:28'),
(29, '131/07', 0, '', 0, '2020-04-02 09:18:39', '2020-04-02 09:18:39'),
(30, '131/05 PRT', 0, '', 0, '2020-04-02 09:18:49', '2020-04-02 09:18:49'),
(31, '311', 0, '', 0, '2020-04-02 09:20:04', '2020-04-02 09:20:04'),
(32, '312', 0, '', 0, '2020-04-02 09:20:26', '2020-04-02 09:20:26'),
(33, '313', 0, '', 0, '2020-04-02 09:20:31', '2020-04-02 09:20:31'),
(34, '314', 0, '', 0, '2020-04-02 09:20:38', '2020-04-02 09:20:38'),
(35, '315', 0, '', 0, '2020-04-02 09:20:47', '2020-04-02 09:20:47'),
(36, '316', 0, '', 0, '2020-04-02 09:21:03', '2020-04-02 09:21:03'),
(37, '107 B-2', 115, 'D', 290, '2020-04-02 13:25:44', '2020-04-02 13:25:44'),
(38, '107 B-2', 115, 'G', 37000, '2020-04-05 03:21:35', '2020-04-05 03:21:35');

-- --------------------------------------------------------

--
-- Table structure for table `sub_department`
--

DROP TABLE IF EXISTS `sub_department`;
CREATE TABLE IF NOT EXISTS `sub_department` (
  `id` int(11) NOT NULL AUTO_INCREMENT,
  `deptName` varchar(20) NOT NULL,
  `subDeptName` varchar(20) NOT NULL,
  PRIMARY KEY (`id`)
) ENGINE=InnoDB AUTO_INCREMENT=18 DEFAULT CHARSET=latin1;

--
-- Dumping data for table `sub_department`
--

INSERT INTO `sub_department` (`id`, `deptName`, `subDeptName`) VALUES
(8, 'PRODUCTION(EMB)', 'S.S EMB'),
(9, 'PRODUCTION(EMB)', 'S.C CREATION '),
(10, 'PRODUCTION(EMB)', 'RAMESH DUBEY'),
(11, 'PRODUCTION(EMB)', 'SHUBHKAMANA'),
(12, 'PRODUCTION(EMB)', 'SNA CHANDAULI'),
(13, 'PRODUCTION(EMB)', 'PSPL CHANDAULI'),
(14, 'DYEING', 'MD ANAS'),
(15, 'DYEING', 'TAMANNA'),
(16, 'PLAIN GODOWN', 'SNS GODOWN 1'),
(17, 'PLAIN GODOWN', 'SNS CHANDOLI PLAIN');

-- --------------------------------------------------------

--
-- Table structure for table `transaction`
--

DROP TABLE IF EXISTS `transaction`;
CREATE TABLE IF NOT EXISTS `transaction` (
  `transaction_id` int(6) NOT NULL AUTO_INCREMENT,
  `from_godown` varchar(100) NOT NULL,
  `fromParty` varchar(64) NOT NULL,
  `toParty` varchar(64) NOT NULL,
  `to_godown` varchar(100) NOT NULL,
  `jobworkType` varchar(100) NOT NULL,
  `transaction_type` enum('challan','bill') NOT NULL,
  `created_at` date NOT NULL,
  `created_by` varchar(64) NOT NULL,
  `deleted` int(11) NOT NULL DEFAULT '0',
  `challan_no` int(6) NOT NULL,
  PRIMARY KEY (`transaction_id`)
) ENGINE=InnoDB AUTO_INCREMENT=10 DEFAULT CHARSET=utf8;

--
-- Dumping data for table `transaction`
--

INSERT INTO `transaction` (`transaction_id`, `from_godown`, `fromParty`, `toParty`, `to_godown`, `jobworkType`, `transaction_type`, `created_at`, `created_by`, `deleted`, `challan_no`) VALUES
(9, 'MD ANAS', '6', '12', 'S.C CREATION ', 'EMB work', 'challan', '2020-05-26', '1', 0, 0);

-- --------------------------------------------------------

--
-- Table structure for table `transaction_meta`
--

DROP TABLE IF EXISTS `transaction_meta`;
CREATE TABLE IF NOT EXISTS `transaction_meta` (
  `trans_meta_id` int(11) NOT NULL AUTO_INCREMENT,
  `transaction_id` int(11) NOT NULL,
  `pbc` varchar(64) NOT NULL,
  `order_barcode` varchar(64) NOT NULL,
  `order_no` varchar(64) NOT NULL,
  `design_name` varchar(64) NOT NULL,
  `design_code` varchar(64) NOT NULL,
  `fabric` varchar(64) NOT NULL,
  `hsn` varchar(6) NOT NULL,
  `fabric_type` varchar(64) NOT NULL,
  `dye` varchar(64) NOT NULL,
  `image` varchar(200) NOT NULL,
  `matching` varchar(64) NOT NULL,
  `current_qty` float(4,2) NOT NULL,
  `unit` varchar(64) NOT NULL,
  `job` varchar(64) NOT NULL,
  `rate` int(6) NOT NULL,
  `value` double(8,2) NOT NULL,
  `days_left` int(11) NOT NULL,
  `remark` varchar(64) NOT NULL,
  PRIMARY KEY (`trans_meta_id`)
) ENGINE=MyISAM AUTO_INCREMENT=5 DEFAULT CHARSET=utf8;

--
-- Dumping data for table `transaction_meta`
--

INSERT INTO `transaction_meta` (`trans_meta_id`, `transaction_id`, `pbc`, `order_barcode`, `order_no`, `design_name`, `design_code`, `fabric`, `hsn`, `fabric_type`, `dye`, `image`, `matching`, `current_qty`, `unit`, `job`, `rate`, `value`, `days_left`, `remark`) VALUES
(3, 9, 'p1/1', 'o2', 'ORD10085', 'sdas', 'dsdf', '12231', 'ery', '', '', '', 'dfghgfhgh', 98.00, 'ddffg', '', 0, 0.00, 2020, 'df'),
(4, 9, 'p1/1', 'o3', 'ORD10085', '', '', '', '', '', '', '', '', 0.00, '', '', 0, 0.00, 2020, '');

-- --------------------------------------------------------

--
-- Table structure for table `unit`
--

DROP TABLE IF EXISTS `unit`;
CREATE TABLE IF NOT EXISTS `unit` (
  `id` int(11) NOT NULL AUTO_INCREMENT,
  `unitName` varchar(15) NOT NULL,
  `unitSymbol` varchar(10) NOT NULL,
  PRIMARY KEY (`id`)
) ENGINE=InnoDB AUTO_INCREMENT=3 DEFAULT CHARSET=latin1;

--
-- Dumping data for table `unit`
--

INSERT INTO `unit` (`id`, `unitName`, `unitSymbol`) VALUES
(1, 'METER', 'MTR'),
(2, 'PICES', 'PCS');

-- --------------------------------------------------------

--
-- Table structure for table `users`
--

DROP TABLE IF EXISTS `users`;
CREATE TABLE IF NOT EXISTS `users` (
  `id` int(11) NOT NULL AUTO_INCREMENT,
  `name` varchar(255) DEFAULT NULL,
  `username` varchar(100) DEFAULT NULL,
  `password` varchar(255) DEFAULT NULL,
  `code` varchar(6) DEFAULT NULL,
  `status` tinyint(1) NOT NULL DEFAULT '1',
  `description` text,
  `created_at` timestamp NULL DEFAULT NULL,
  `updated_at` timestamp NULL DEFAULT NULL,
  `deleted_at` timestamp NULL DEFAULT NULL,
  `deleted` tinyint(1) NOT NULL DEFAULT '0',
  PRIMARY KEY (`id`),
  UNIQUE KEY `username` (`username`)
) ENGINE=InnoDB AUTO_INCREMENT=4 DEFAULT CHARSET=latin1;

--
-- Dumping data for table `users`
--

INSERT INTO `users` (`id`, `name`, `username`, `password`, `code`, `status`, `description`, `created_at`, `updated_at`, `deleted_at`, `deleted`) VALUES
(1, 'admin', 'admin', '$2y$10$ZMQOPfEVLtMrp51j9i3JBeKeOrOXEbvK/XZ2NYx48QqdM766dJBB.', '', 1, NULL, '2020-04-09 18:30:00', NULL, NULL, 0),
(2, 'Master', 'master', '$2y$10$t8vYSFETpE5m0qFDmNBBAeWH5aulWcOZmZ87JKBxg2geJwxsGnboG', NULL, 1, NULL, '2020-04-10 08:29:01', NULL, NULL, 0),
(3, 'DESIGN ', 'DESIGN', '$2y$10$TXpZXf5vJETfLhVzc6atmu/7K5.CVsJ/qr86gEaDvhds1516uUe8i', NULL, 1, NULL, '2020-06-04 09:42:07', NULL, NULL, 0);

-- --------------------------------------------------------

--
-- Structure for view `design_view`
--
DROP TABLE IF EXISTS `design_view`;

CREATE ALGORITHM=UNDEFINED DEFINER=`root`@`localhost` SQL SECURITY DEFINER VIEW `design_view`  AS  select `design`.`id` AS `id`,`design`.`designName` AS `designName`,`design`.`designSeries` AS `designSeries`,`erc`.`desCode` AS `desCode`,`erc`.`rate` AS `rate`,`design`.`stitch` AS `stitch`,`design`.`dye` AS `dye`,`design`.`matching` AS `matching`,`src`.`sale_rate` AS `sale_rate`,`design`.`htCattingRate` AS `htCattingRate`,`design`.`designPic` AS `designPic`,`design`.`fabricName` AS `fabricName`,`design`.`barCode` AS `barCode`,`design`.`designOn` AS `designOn` from ((`design` left join `erc` on((`design`.`designName` = `erc`.`desName`))) left join `src` on(((`src`.`fabName` = `design`.`fabricName`) and (`src`.`fabCode` = `erc`.`desCode`)))) order by `design`.`id` desc ;

-- --------------------------------------------------------

--
-- Structure for view `order_flow_chart`
--
DROP TABLE IF EXISTS `order_flow_chart`;

CREATE ALGORITHM=UNDEFINED DEFINER=`root`@`localhost` SQL SECURITY DEFINER VIEW `order_flow_chart`  AS  select `order_table`.`order_date` AS `order_date`,`order_table`.`order_number` AS `order_number`,count(`order_product`.`order_id`) AS `total`,(select count(`order_product`.`id`) from `order_product` where ((`order_product`.`order_id` = `order_table`.`order_id`) and (`order_product`.`status` = 'INPROCESS'))) AS `inprocess`,(select count(`order_product`.`id`) from `order_product` where ((`order_product`.`order_id` = `order_table`.`order_id`) and (`order_product`.`status` = 'PENDING'))) AS `pending`,(select count(`order_product`.`id`) from `order_product` where ((`order_product`.`order_id` = `order_table`.`order_id`) and (`order_product`.`status` = 'CANCEL'))) AS `cancel` from (`order_table` join `order_product` on((`order_table`.`order_id` = `order_product`.`order_id`))) group by `order_table`.`order_id` order by `order_table`.`order_date` desc ;
COMMIT;

/*!40101 SET CHARACTER_SET_CLIENT=@OLD_CHARACTER_SET_CLIENT */;
/*!40101 SET CHARACTER_SET_RESULTS=@OLD_CHARACTER_SET_RESULTS */;
/*!40101 SET COLLATION_CONNECTION=@OLD_COLLATION_CONNECTION */;
